Price,Stock_Status,Title,Url
£51.77,In-Stock,A Light in the ...,catalogue/a-light-in-the-attic_1000/index.html
£53.74,In-Stock,Tipping the Velvet,catalogue/tipping-the-velvet_999/index.html
£50.10,In-Stock,Soumission,catalogue/soumission_998/index.html
£47.82,In-Stock,Sharp Objects,catalogue/sharp-objects_997/index.html
£54.23,In-Stock,Sapiens: A Brief History ...,catalogue/sapiens-a-brief-history-of-humankind_996/index.html
£22.65,In-Stock,The Requiem Red,catalogue/the-requiem-red_995/index.html
£33.34,In-Stock,The Dirty Little Secrets ...,catalogue/the-dirty-little-secrets-of-getting-your-dream-job_994/index.html
£17.93,In-Stock,The Coming Woman: A ...,catalogue/the-coming-woman-a-novel-based-on-the-life-of-the-infamous-feminist-victoria-woodhull_993/index.html
£22.60,In-Stock,The Boys in the ...,catalogue/the-boys-in-the-boat-nine-americans-and-their-epic-quest-for-gold-at-the-1936-berlin-olympics_992/index.html
£52.15,In-Stock,The Black Maria,catalogue/the-black-maria_991/index.html
£13.99,In-Stock,Starving Hearts (Triangular Trade ...,catalogue/starving-hearts-triangular-trade-trilogy-1_990/index.html
£20.66,In-Stock,Shakespeare's Sonnets,catalogue/shakespeares-sonnets_989/index.html
£17.46,In-Stock,Set Me Free,catalogue/set-me-free_988/index.html
£52.29,In-Stock,Scott Pilgrim's Precious Little ...,catalogue/scott-pilgrims-precious-little-life-scott-pilgrim-1_987/index.html
£35.02,In-Stock,Rip it Up and ...,catalogue/rip-it-up-and-start-again_986/index.html
£57.25,In-Stock,Our Band Could Be ...,catalogue/our-band-could-be-your-life-scenes-from-the-american-indie-underground-1981-1991_985/index.html
£23.88,In-Stock,Olio,catalogue/olio_984/index.html
£37.59,In-Stock,Mesaerion: The Best Science ...,catalogue/mesaerion-the-best-science-fiction-stories-1800-1849_983/index.html
£51.33,In-Stock,Libertarianism for Beginners,catalogue/libertarianism-for-beginners_982/index.html
£45.17,In-Stock,It's Only the Himalayas,catalogue/its-only-the-himalayas_981/index.html
£12.84,In-Stock,In Her Wake,in-her-wake_980/index.html
£37.32,In-Stock,How Music Works,how-music-works_979/index.html
£30.52,In-Stock,Foolproof Preserving: A Guide ...,foolproof-preserving-a-guide-to-small-batch-jams-jellies-pickles-condiments-and-more-a-foolproof-guide-to-making-small-batch-jams-jellies-pickles-condiments-and-more_978/index.html
£25.27,In-Stock,Chase Me (Paris Nights ...,chase-me-paris-nights-2_977/index.html
£34.53,In-Stock,Black Dust,black-dust_976/index.html
£54.64,In-Stock,Birdsong: A Story in ...,birdsong-a-story-in-pictures_975/index.html
£22.50,In-Stock,America's Cradle of Quarterbacks: ...,americas-cradle-of-quarterbacks-western-pennsylvanias-football-factory-from-johnny-unitas-to-joe-montana_974/index.html
£53.13,In-Stock,Aladdin and His Wonderful ...,aladdin-and-his-wonderful-lamp_973/index.html
£40.30,In-Stock,Worlds Elsewhere: Journeys Around ...,worlds-elsewhere-journeys-around-shakespeares-globe_972/index.html
£44.18,In-Stock,Wall and Piece,wall-and-piece_971/index.html
£17.66,In-Stock,The Four Agreements: A ...,the-four-agreements-a-practical-guide-to-personal-freedom_970/index.html
£31.05,In-Stock,The Five Love Languages: ...,the-five-love-languages-how-to-express-heartfelt-commitment-to-your-mate_969/index.html
£23.82,In-Stock,The Elephant Tree,the-elephant-tree_968/index.html
£36.89,In-Stock,The Bear and the ...,the-bear-and-the-piano_967/index.html
£15.94,In-Stock,Sophie's World,sophies-world_966/index.html
£33.29,In-Stock,Penny Maybe,penny-maybe_965/index.html
£18.02,In-Stock,Maude (1883-1993):She Grew Up ...,maude-1883-1993she-grew-up-with-the-country_964/index.html
£19.63,In-Stock,"In a Dark, Dark ...",in-a-dark-dark-wood_963/index.html
£52.22,In-Stock,Behind Closed Doors,behind-closed-doors_962/index.html
£33.63,In-Stock,You can't bury them ...,you-cant-bury-them-all-poems_961/index.html
£57.31,In-Stock,Slow States of Collapse: ...,slow-states-of-collapse-poems_960/index.html
£26.41,In-Stock,Reasons to Stay Alive,reasons-to-stay-alive_959/index.html
£47.61,In-Stock,Private Paris (Private #10),private-paris-private-10_958/index.html
£23.11,In-Stock,#HigherSelfie: Wake Up Your ...,higherselfie-wake-up-your-life-free-your-soul-find-your-tribe_957/index.html
£45.07,In-Stock,Without Borders (Wanderlove #1),without-borders-wanderlove-1_956/index.html
£31.77,In-Stock,When We Collided,when-we-collided_955/index.html
£50.27,In-Stock,"We Love You, Charlie ...",we-love-you-charlie-freeman_954/index.html
£14.27,In-Stock,Untitled Collection: Sabbath Poems ...,untitled-collection-sabbath-poems-2014_953/index.html
£44.18,In-Stock,Unseen City: The Majesty ...,unseen-city-the-majesty-of-pigeons-the-discreet-charm-of-snails-other-wonders-of-the-urban-wilderness_952/index.html
£18.78,In-Stock,Unicorn Tracks,unicorn-tracks_951/index.html
£25.52,In-Stock,Unbound: How Eight Technologies ...,unbound-how-eight-technologies-made-us-human-transformed-society-and-brought-our-world-to-the-brink_950/index.html
£16.28,In-Stock,Tsubasa: WoRLD CHRoNiCLE 2 ...,tsubasa-world-chronicle-2-tsubasa-world-chronicle-2_949/index.html
£31.12,In-Stock,Throwing Rocks at the ...,throwing-rocks-at-the-google-bus-how-growth-became-the-enemy-of-prosperity_948/index.html
£19.49,In-Stock,This One Summer,this-one-summer_947/index.html
£17.27,In-Stock,Thirst,thirst_946/index.html
£19.09,In-Stock,The Torch Is Passed: ...,the-torch-is-passed-a-harding-family-story_945/index.html
£56.13,In-Stock,The Secret of Dreadwillow ...,the-secret-of-dreadwillow-carse_944/index.html
£56.41,In-Stock,The Pioneer Woman Cooks: ...,the-pioneer-woman-cooks-dinnertime-comfort-classics-freezer-food-16-minute-meals-and-other-delicious-ways-to-solve-supper_943/index.html
£56.50,In-Stock,The Past Never Ends,the-past-never-ends_942/index.html
£45.22,In-Stock,The Natural History of ...,the-natural-history-of-us-the-fine-art-of-pretending-2_941/index.html
£38.16,In-Stock,The Nameless City (The ...,the-nameless-city-the-nameless-city-1_940/index.html
£54.11,In-Stock,The Murder That Never ...,the-murder-that-never-was-forensic-instincts-5_939/index.html
£42.96,In-Stock,The Most Perfect Thing: ...,the-most-perfect-thing-inside-and-outside-a-birds-egg_938/index.html
£23.89,In-Stock,The Mindfulness and Acceptance ...,the-mindfulness-and-acceptance-workbook-for-anxiety-a-guide-to-breaking-free-from-anxiety-phobias-and-worry-using-acceptance-and-commitment-therapy_937/index.html
£16.77,In-Stock,The Life-Changing Magic of ...,the-life-changing-magic-of-tidying-up-the-japanese-art-of-decluttering-and-organizing_936/index.html
£20.59,In-Stock,The Inefficiency Assassin: Time ...,the-inefficiency-assassin-time-management-tactics-for-working-smarter-not-longer_935/index.html
£37.13,In-Stock,The Gutsy Girl: Escapades ...,the-gutsy-girl-escapades-for-your-life-of-epic-adventure_934/index.html
£56.06,In-Stock,The Electric Pencil: Drawings ...,the-electric-pencil-drawings-from-inside-state-hospital-no-3_933/index.html
£58.11,In-Stock,The Death of Humanity: ...,the-death-of-humanity-and-the-case-for-life_932/index.html
£49.05,In-Stock,The Bulletproof Diet: Lose ...,the-bulletproof-diet-lose-up-to-a-pound-a-day-reclaim-energy-and-focus-upgrade-your-life_931/index.html
£40.76,In-Stock,The Art Forger,the-art-forger_930/index.html
£19.73,In-Stock,The Age of Genius: ...,the-age-of-genius-the-seventeenth-century-and-the-birth-of-the-modern-mind_929/index.html
£32.24,In-Stock,The Activist's Tao Te ...,the-activists-tao-te-ching-ancient-advice-for-a-modern-revolution_928/index.html
£41.83,In-Stock,Spark Joy: An Illustrated ...,spark-joy-an-illustrated-master-class-on-the-art-of-organizing-and-tidying-up_927/index.html
£39.58,In-Stock,Soul Reader,soul-reader_926/index.html
£39.25,In-Stock,Security,security_925/index.html
£25.02,In-Stock,"Saga, Volume 6 (Saga ...",saga-volume-6-saga-collected-editions-6_924/index.html
£51.04,In-Stock,"Saga, Volume 5 (Saga ...",saga-volume-5-saga-collected-editions-5_923/index.html
£19.83,In-Stock,Reskilling America: Learning to ...,reskilling-america-learning-to-labor-in-the-twenty-first-century_922/index.html
£50.40,In-Stock,"Rat Queens, Vol. 3: ...",rat-queens-vol-3-demons-rat-queens-collected-editions-11-15_921/index.html
£13.61,In-Stock,"Princess Jellyfish 2-in-1 Omnibus, ...",princess-jellyfish-2-in-1-omnibus-vol-01-princess-jellyfish-2-in-1-omnibus-1_920/index.html
£13.34,In-Stock,Princess Between Worlds (Wide-Awake ...,princess-between-worlds-wide-awake-princess-5_919/index.html
£18.97,In-Stock,"Pop Gun War, Volume ...",pop-gun-war-volume-1-gift_918/index.html
£36.28,In-Stock,"Political Suicide: Missteps, Peccadilloes, ...",political-suicide-missteps-peccadilloes-bad-calls-backroom-hijinx-sordid-pasts-rotten-breaks-and-just-plain-dumb-mistakes-in-the-annals-of-american-politics_917/index.html
£10.16,In-Stock,Patience,patience_916/index.html
£15.44,In-Stock,"Outcast, Vol. 1: A ...",outcast-vol-1-a-darkness-surrounds-him-outcast-1_915/index.html
£48.41,In-Stock,orange: The Complete Collection ...,orange-the-complete-collection-1-orange-the-complete-collection-1_914/index.html
£46.35,In-Stock,Online Marketing for Busy ...,online-marketing-for-busy-authors-a-step-by-step-guide_913/index.html
£14.07,In-Stock,On a Midnight Clear,on-a-midnight-clear_912/index.html
£14.86,In-Stock,Obsidian (Lux #1),obsidian-lux-1_911/index.html
£33.37,In-Stock,My Paris Kitchen: Recipes ...,my-paris-kitchen-recipes-and-stories_910/index.html
£56.40,In-Stock,Masks and Shadows,masks-and-shadows_909/index.html
£14.02,In-Stock,Mama Tried: Traditional Italian ...,mama-tried-traditional-italian-cooking-for-the-screwed-crude-vegan-and-tattooed_908/index.html
£46.91,In-Stock,"Lumberjanes, Vol. 2: Friendship ...",lumberjanes-vol-2-friendship-to-the-max-lumberjanes-5-8_907/index.html
£45.61,In-Stock,"Lumberjanes, Vol. 1: Beware ...",lumberjanes-vol-1-beware-the-kitten-holy-lumberjanes-1-4_906/index.html
£19.92,In-Stock,Lumberjanes Vol. 3: A ...,lumberjanes-vol-3-a-terrible-plan-lumberjanes-9-12_905/index.html
£40.11,In-Stock,"Layered: Baking, Building, and ...",layered-baking-building-and-styling-spectacular-cakes_904/index.html
£53.90,In-Stock,Judo: Seven Steps to ...,judo-seven-steps-to-black-belt-an-introductory-guide-for-beginners_903/index.html
£35.67,In-Stock,Join,join_902/index.html
£22.00,In-Stock,In the Country We ...,in-the-country-we-love-my-family-divided_901/index.html
£57.36,In-Stock,Immunity: How Elie Metchnikoff ...,immunity-how-elie-metchnikoff-changed-the-course-of-modern-medicine_900/index.html
£29.17,In-Stock,"I Hate Fairyland, Vol. ...",i-hate-fairyland-vol-1-madly-ever-after-i-hate-fairyland-compilations-1-5_899/index.html
£54.63,In-Stock,I am a Hero ...,i-am-a-hero-omnibus-volume-1_898/index.html
£46.03,In-Stock,How to Be Miserable: ...,how-to-be-miserable-40-strategies-you-already-use_897/index.html
£33.97,In-Stock,Her Backup Boyfriend (The ...,her-backup-boyfriend-the-sorensen-family-1_896/index.html
£22.11,In-Stock,"Giant Days, Vol. 2 ...",giant-days-vol-2-giant-days-5-8_895/index.html
£29.69,In-Stock,Forever and Forever: The ...,forever-and-forever-the-courtship-of-henry-longfellow-and-fanny-appleton_894/index.html
£15.97,In-Stock,First and First (Five ...,first-and-first-five-boroughs-3_893/index.html
£21.96,In-Stock,Fifty Shades Darker (Fifty ...,fifty-shades-darker-fifty-shades-2_892/index.html
£54.35,In-Stock,Everydata: The Misinformation Hidden ...,everydata-the-misinformation-hidden-in-the-little-data-you-consume-every-day_891/index.html
£37.97,In-Stock,Don't Be a Jerk: ...,dont-be-a-jerk-and-other-practical-advice-from-dogen-japans-greatest-zen-master_890/index.html
£51.99,In-Stock,Danganronpa Volume 1,danganronpa-volume-1_889/index.html
£43.29,In-Stock,Crown of Midnight (Throne ...,crown-of-midnight-throne-of-glass-2_888/index.html
£36.72,In-Stock,"Codename Baboushka, Volume 1: ...",codename-baboushka-volume-1-the-conclave-of-death_887/index.html
£17.08,In-Stock,Camp Midnight,camp-midnight_886/index.html
£29.14,In-Stock,Call the Nurse: True ...,call-the-nurse-true-stories-of-a-country-nurse-on-a-scottish-isle_885/index.html
£28.81,In-Stock,Burning,burning_884/index.html
£49.46,In-Stock,Bossypants,bossypants_883/index.html
£37.92,In-Stock,"Bitch Planet, Vol. 1: ...",bitch-planet-vol-1-extraordinary-machine-bitch-planet-collected-editions_882/index.html
£28.09,In-Stock,Avatar: The Last Airbender: ...,avatar-the-last-airbender-smoke-and-shadow-part-3-smoke-and-shadow-3_881/index.html
£30.81,In-Stock,Algorithms to Live By: ...,algorithms-to-live-by-the-computer-science-of-human-decisions_880/index.html
£42.95,In-Stock,A World of Flavor: ...,a-world-of-flavor-your-gluten-free-passport_879/index.html
£56.76,In-Stock,"A Piece of Sky, ...",a-piece-of-sky-a-grain-of-rice-a-memoir-in-four-meditations_878/index.html
£16.64,In-Stock,A Murder in Time,a-murder-in-time_877/index.html
£55.53,In-Stock,A Flight of Arrows ...,a-flight-of-arrows-the-pathfinders-2_876/index.html
£28.13,In-Stock,A Fierce and Subtle ...,a-fierce-and-subtle-poison_875/index.html
£52.37,In-Stock,A Court of Thorns ...,a-court-of-thorns-and-roses-a-court-of-thorns-and-roses-1_874/index.html
£54.00,In-Stock,(Un)Qualified: How God Uses ...,unqualified-how-god-uses-broken-people-to-do-big-things_873/index.html
£21.87,In-Stock,You Are What You ...,you-are-what-you-love-the-spiritual-power-of-habit_872/index.html
£43.30,In-Stock,William Shakespeare's Star Wars: ...,william-shakespeares-star-wars-verily-a-new-hope-william-shakespeares-star-wars-4_871/index.html
£21.04,In-Stock,Tuesday Nights in 1980,tuesday-nights-in-1980_870/index.html
£41.60,In-Stock,Tracing Numbers on a ...,tracing-numbers-on-a-train_869/index.html
£35.07,In-Stock,Throne of Glass (Throne ...,throne-of-glass-throne-of-glass-1_868/index.html
£59.64,In-Stock,Thomas Jefferson and the ...,thomas-jefferson-and-the-tripoli-pirates-the-forgotten-war-that-changed-american-history_867/index.html
£52.72,In-Stock,Thirteen Reasons Why,thirteen-reasons-why_866/index.html
£58.08,In-Stock,The White Cat and ...,the-white-cat-and-the-monk-a-retelling-of-the-poem-pangur-ban_865/index.html
£24.12,In-Stock,The Wedding Dress,the-wedding-dress_864/index.html
£42.15,In-Stock,The Vacationers,the-vacationers_863/index.html
£12.61,In-Stock,The Third Wave: An ...,the-third-wave-an-entrepreneurs-vision-of-the-future_862/index.html
£17.44,In-Stock,The Stranger,the-stranger_861/index.html
£33.14,In-Stock,The Shadow Hero (The ...,the-shadow-hero-the-shadow-hero_860/index.html
£27.37,In-Stock,The Secret (The Secret ...,the-secret-the-secret-1_859/index.html
£51.36,In-Stock,The Regional Office Is ...,the-regional-office-is-under-attack_858/index.html
£36.00,In-Stock,The Psychopath Test: A ...,the-psychopath-test-a-journey-through-the-madness-industry_857/index.html
£10.65,In-Stock,The Project,the-project_856/index.html
£43.54,In-Stock,The Power of Now: ...,the-power-of-now-a-guide-to-spiritual-enlightenment_855/index.html
£38.21,In-Stock,The Omnivore's Dilemma: A ...,the-omnivores-dilemma-a-natural-history-of-four-meals_854/index.html
£37.34,In-Stock,The Nerdy Nummies Cookbook: ...,the-nerdy-nummies-cookbook-sweet-treats-for-the-geek-in-all-of-us_853/index.html
£44.10,In-Stock,The Murder of Roger ...,the-murder-of-roger-ackroyd-hercule-poirot-4_852/index.html
£43.29,In-Stock,The Mistake (Off-Campus #2),the-mistake-off-campus-2_851/index.html
£55.85,In-Stock,The Matchmaker's Playbook (Wingmen ...,the-matchmakers-playbook-wingmen-inc-1_850/index.html
£37.60,In-Stock,The Love and Lemons ...,the-love-and-lemons-cookbook-an-apple-to-zucchini-celebration-of-impromptu-cooking_849/index.html
£10.97,In-Stock,The Long Shadow of ...,the-long-shadow-of-small-ghosts-murder-and-memory-in-an-american-city_848/index.html
£41.82,In-Stock,The Kite Runner,the-kite-runner_847/index.html
£36.95,In-Stock,The House by the ...,the-house-by-the-lake_846/index.html
£44.28,In-Stock,The Glittering Court (The ...,the-glittering-court-the-glittering-court-1_845/index.html
£55.02,In-Stock,The Girl on the ...,the-girl-on-the-train_844/index.html
£17.24,In-Stock,The Genius of Birds,the-genius-of-birds_843/index.html
£23.15,In-Stock,The Emerald Mystery,the-emerald-mystery_842/index.html
£41.25,In-Stock,The Cookies & Cups ...,the-cookies-cups-cookbook-125-sweet-savory-recipes-reminding-you-to-always-eat-dessert-first_841/index.html
£32.00,In-Stock,The Bridge to Consciousness: ...,the-bridge-to-consciousness-im-writing-the-bridge-between-science-and-our-old-and-new-beliefs_840/index.html
£38.49,In-Stock,The Artist's Way: A ...,the-artists-way-a-spiritual-path-to-higher-creativity_839/index.html
£33.34,In-Stock,The Art of War,the-art-of-war_838/index.html
£10.93,In-Stock,The Argonauts,the-argonauts_837/index.html
£27.55,In-Stock,The 10% Entrepreneur: Live ...,the-10-entrepreneur-live-your-startup-dream-without-quitting-your-day-job_836/index.html
£55.99,In-Stock,Suddenly in Love (Lake ...,suddenly-in-love-lake-haven-1_835/index.html
£16.24,In-Stock,Something More Than This,something-more-than-this_834/index.html
£26.12,In-Stock,Soft Apocalypse,soft-apocalypse_833/index.html
£12.23,In-Stock,So You've Been Publicly ...,so-youve-been-publicly-shamed_832/index.html
£23.99,In-Stock,Shoe Dog: A Memoir ...,shoe-dog-a-memoir-by-the-creator-of-nike_831/index.html
£29.06,In-Stock,"Shobu Samurai, Project Aryoku ...",shobu-samurai-project-aryoku-3_830/index.html
£20.27,In-Stock,Secrets and Lace (Fatal ...,secrets-and-lace-fatal-hearts-1_829/index.html
£43.55,In-Stock,Scarlett Epstein Hates It ...,scarlett-epstein-hates-it-here_828/index.html
£36.94,In-Stock,Romero and Juliet: A ...,romero-and-juliet-a-tragic-tale-of-love-and-zombies_827/index.html
£20.47,In-Stock,Redeeming Love,redeeming-love_826/index.html
£41.06,In-Stock,Poses for Artists Volume ...,poses-for-artists-volume-1-dynamic-and-sitting-poses-an-essential-reference-for-figure-drawing-and-the-human-form_825/index.html
£14.19,In-Stock,Poems That Make Grown ...,poems-that-make-grown-women-cry_824/index.html
£38.28,In-Stock,"Nightingale, Sing",nightingale-sing_823/index.html
£41.05,In-Stock,Night Sky with Exit ...,night-sky-with-exit-wounds_822/index.html
£30.25,In-Stock,Mrs. Houdini,mrs-houdini_821/index.html
£28.26,In-Stock,Modern Romance,modern-romance_820/index.html
£10.76,In-Stock,Miss Peregrine’s Home for ...,miss-peregrines-home-for-peculiar-children-miss-peregrines-peculiar-children-1_819/index.html
£16.85,In-Stock,Louisa: The Extraordinary Life ...,louisa-the-extraordinary-life-of-mrs-adams_818/index.html
£13.47,In-Stock,Little Red,little-red_817/index.html
£48.56,In-Stock,Library of Souls (Miss ...,library-of-souls-miss-peregrines-peculiar-children-3_816/index.html
£19.15,In-Stock,Large Print Heart of ...,large-print-heart-of-the-pride_815/index.html
£57.36,In-Stock,I Had a Nice ...,i-had-a-nice-time-and-other-lies-how-to-find-love-sht-like-that_814/index.html
£42.98,In-Stock,Hollow City (Miss Peregrine’s ...,hollow-city-miss-peregrines-peculiar-children-2_813/index.html
£22.16,In-Stock,Grumbles,grumbles_812/index.html
£49.43,In-Stock,Full Moon over Noah’s ...,full-moon-over-noahs-ark-an-odyssey-to-mount-ararat-and-beyond_811/index.html
£29.99,In-Stock,Frostbite (Vampire Academy #2),frostbite-vampire-academy-2_810/index.html
£21.36,In-Stock,Follow You Home,follow-you-home_809/index.html
£29.00,In-Stock,First Steps for New ...,first-steps-for-new-christians-print-edition_808/index.html
£53.53,In-Stock,Finders Keepers (Bill Hodges ...,finders-keepers-bill-hodges-trilogy-2_807/index.html
£41.62,In-Stock,"Fables, Vol. 1: Legends ...",fables-vol-1-legends-in-exile-fables-1_806/index.html
£54.59,In-Stock,Eureka Trivia 6.0,eureka-trivia-60_805/index.html
£34.95,In-Stock,Drive: The Surprising Truth ...,drive-the-surprising-truth-about-what-motivates-us_804/index.html
£37.72,In-Stock,Done Rubbed Out (Reightman ...,done-rubbed-out-reightman-bailey-1_803/index.html
£35.61,In-Stock,Doing It Over (Most ...,doing-it-over-most-likely-to-1_802/index.html
£42.16,In-Stock,Deliciously Ella Every Day: ...,deliciously-ella-every-day-quick-and-easy-recipes-for-gluten-free-snacks-packed-lunches-and-simple-meals_801/index.html
£19.19,In-Stock,Dark Notes,dark-notes_800/index.html
£19.43,In-Stock,Daring Greatly: How the ...,daring-greatly-how-the-courage-to-be-vulnerable-transforms-the-way-we-live-love-parent-and-lead_799/index.html
£49.46,In-Stock,Close to You,close-to-you_798/index.html
£37.80,In-Stock,Chasing Heaven: What Dying ...,chasing-heaven-what-dying-taught-me-about-living_797/index.html
£30.80,In-Stock,Big Magic: Creative Living ...,big-magic-creative-living-beyond-fear_796/index.html
£27.43,In-Stock,Becoming Wise: An Inquiry ...,becoming-wise-an-inquiry-into-the-mystery-and-art-of-living_795/index.html
£11.11,In-Stock,Beauty Restored (Riley Family ...,beauty-restored-riley-family-legacy-novellas-3_794/index.html
£36.50,In-Stock,Batman: The Long Halloween ...,batman-the-long-halloween-batman_793/index.html
£15.38,In-Stock,Batman: The Dark Knight ...,batman-the-dark-knight-returns-batman_792/index.html
£15.48,In-Stock,Ayumi's Violin,ayumis-violin_791/index.html
£46.82,In-Stock,Anonymous,anonymous_790/index.html
£18.46,In-Stock,Amy Meets the Saints ...,amy-meets-the-saints-and-sages_789/index.html
£36.58,In-Stock,Amid the Chaos,amid-the-chaos_788/index.html
£50.54,In-Stock,Amatus,amatus_787/index.html
£12.51,In-Stock,Agnostic: A Spirited Manifesto,agnostic-a-spirited-manifesto_786/index.html
£24.70,In-Stock,Zealot: The Life and ...,zealot-the-life-and-times-of-jesus-of-nazareth_785/index.html
£43.61,In-Stock,You (You #1),you-you-1_784/index.html
£37.34,In-Stock,"Wonder Woman: Earth One, ...",wonder-woman-earth-one-volume-one-wonder-woman-earth-one-1_783/index.html
£14.36,In-Stock,Wild Swans,wild-swans_782/index.html
£52.65,In-Stock,Why the Right Went ...,why-the-right-went-wrong-conservatism-from-goldwater-to-the-tea-party-and-beyond_781/index.html
£38.20,In-Stock,Whole Lotta Creativity Going ...,whole-lotta-creativity-going-on-60-fun-and-unusual-exercises-to-awaken-and-strengthen-your-creativity_780/index.html
£19.60,In-Stock,What's It Like in ...,whats-it-like-in-space-stories-from-astronauts-whove-been-there_779/index.html
£53.90,In-Stock,"We Are Robin, Vol. ...",we-are-robin-vol-1-the-vigilante-business-we-are-robin-1_778/index.html
£12.96,In-Stock,Walt Disney's Alice in ...,walt-disneys-alice-in-wonderland_777/index.html
£37.10,In-Stock,V for Vendetta (V ...,v-for-vendetta-v-for-vendetta-complete_776/index.html
£46.31,In-Stock,Until Friday Night (The ...,until-friday-night-the-field-party-1_775/index.html
£45.95,In-Stock,Unbroken: A World War ...,unbroken-a-world-war-ii-story-of-survival-resilience-and-redemption_774/index.html
£22.08,In-Stock,Twenty Yawns,twenty-yawns_773/index.html
£25.38,In-Stock,Through the Woods,through-the-woods_772/index.html
£27.12,In-Stock,This Is Where It ...,this-is-where-it-ends_771/index.html
£43.04,In-Stock,The Year of Magical ...,the-year-of-magical-thinking_770/index.html
£56.80,In-Stock,The Wright Brothers,the-wright-brothers_769/index.html
£25.91,In-Stock,The White Queen (The ...,the-white-queen-the-cousins-war-1_768/index.html
£32.61,In-Stock,The Wedding Pact (The ...,the-wedding-pact-the-omalleys-2_767/index.html
£27.88,In-Stock,The Time Keeper,the-time-keeper_766/index.html
£52.67,In-Stock,The Testament of Mary,the-testament-of-mary_765/index.html
£46.02,In-Stock,The Star-Touched Queen,the-star-touched-queen_764/index.html
£44.48,In-Stock,The Songs of the ...,the-songs-of-the-gods_763/index.html
£37.40,In-Stock,The Song of Achilles,the-song-of-achilles_762/index.html
£54.04,In-Stock,The Rosie Project (Don ...,the-rosie-project-don-tillman-1_761/index.html
£16.88,In-Stock,The Power of Habit: ...,the-power-of-habit-why-we-do-what-we-do-in-life-and-business_760/index.html
£28.08,In-Stock,The Marriage of Opposites,the-marriage-of-opposites_759/index.html
£10.40,In-Stock,The Lucifer Effect: Understanding ...,the-lucifer-effect-understanding-how-good-people-turn-evil_758/index.html
£44.07,In-Stock,The Long Haul (Diary ...,the-long-haul-diary-of-a-wimpy-kid-9_757/index.html
£23.40,In-Stock,The Loney,the-loney_756/index.html
£17.43,In-Stock,The Literature Book (Big ...,the-literature-book-big-ideas-simply-explained_755/index.html
£54.21,In-Stock,The Last Mile (Amos ...,the-last-mile-amos-decker-2_754/index.html
£40.67,In-Stock,The Immortal Life of ...,the-immortal-life-of-henrietta-lacks_753/index.html
£52.26,In-Stock,The Hidden Oracle (The ...,the-hidden-oracle-the-trials-of-apollo-1_752/index.html
£28.77,In-Stock,The Help Yourself Cookbook ...,the-help-yourself-cookbook-for-kids-60-easy-plant-based-recipes-kids-can-make-to-stay-healthy-and-save-the-earth_751/index.html
£13.82,In-Stock,The Guilty (Will Robie ...,the-guilty-will-robie-4_750/index.html
£25.85,In-Stock,The First Hostage (J.B. ...,the-first-hostage-jb-collins-2_749/index.html
£48.78,In-Stock,The Dovekeepers,the-dovekeepers_748/index.html
£35.35,In-Stock,The Darkest Lie,the-darkest-lie_747/index.html
£44.73,In-Stock,The Bane Chronicles (The ...,the-bane-chronicles-the-bane-chronicles-1-11_746/index.html
£15.77,In-Stock,The Bad-Ass Librarians of ...,the-bad-ass-librarians-of-timbuktu-and-their-race-to-save-the-worlds-most-precious-manuscripts_745/index.html
£39.24,In-Stock,The 14th Colony (Cotton ...,the-14th-colony-cotton-malone-11_744/index.html
£13.92,In-Stock,That Darkness (Gardiner and ...,that-darkness-gardiner-and-renner-1_743/index.html
£10.69,In-Stock,Tastes Like Fear (DI ...,tastes-like-fear-di-marnie-rome-3_742/index.html
£45.21,In-Stock,Take Me with You,take-me-with-you_741/index.html
£45.58,In-Stock,Swell: A Year of ...,swell-a-year-of-waves_740/index.html
£11.89,In-Stock,Superman Vol. 1: Before ...,superman-vol-1-before-truth-superman-by-gene-luen-yang-1_739/index.html
£26.41,In-Stock,Still Life with Bread ...,still-life-with-bread-crumbs_738/index.html
£39.50,In-Stock,Steve Jobs,steve-jobs_737/index.html
£44.74,In-Stock,Sorting the Beef from ...,sorting-the-beef-from-the-bull-the-science-of-food-fraud-forensics_736/index.html
£52.79,In-Stock,Someone Like You (The ...,someone-like-you-the-harrisons-2_735/index.html
£35.43,In-Stock,"So Cute It Hurts!!, ...",so-cute-it-hurts-vol-6-so-cute-it-hurts-6_734/index.html
£55.84,In-Stock,Shtum,shtum_733/index.html
£48.87,In-Stock,See America: A Celebration ...,see-america-a-celebration-of-our-national-parks-treasured-sites_732/index.html
£46.78,In-Stock,salt.,salt_731/index.html
£47.82,In-Stock,Robin War,robin-war_730/index.html
£25.48,In-Stock,"Red Hood/Arsenal, Vol. 1: ...",red-hoodarsenal-vol-1-open-for-business-red-hoodarsenal-1_729/index.html
£23.57,In-Stock,Rain Fish,rain-fish_728/index.html
£50.89,In-Stock,Quarter Life Poetry: Poems ...,quarter-life-poetry-poems-for-the-young-broke-and-hangry_727/index.html
£10.56,In-Stock,Pet Sematary,pet-sematary_726/index.html
£52.15,In-Stock,"Overload: How to Unplug, ...",overload-how-to-unplug-unwind-and-unleash-yourself-from-the-pressure-of-stress_725/index.html
£18.28,In-Stock,Once Was a Time,once-was-a-time_724/index.html
£11.83,In-Stock,Old School (Diary of ...,old-school-diary-of-a-wimpy-kid-10_723/index.html
£21.95,In-Stock,No Dream Is Too ...,no-dream-is-too-high-life-lessons-from-a-man-who-walked-on-the-moon_722/index.html
£38.39,In-Stock,"Naruto (3-in-1 Edition), Vol. ...",naruto-3-in-1-edition-vol-14-includes-vols-40-41-42-naruto-omnibus-14_721/index.html
£41.56,In-Stock,My Name Is Lucy ...,my-name-is-lucy-barton_720/index.html
£24.48,In-Stock,My Mrs. Brown,my-mrs-brown_719/index.html
£40.36,In-Stock,My Kind of Crazy,my-kind-of-crazy_718/index.html
£28.90,In-Stock,Mr. Mercedes (Bill Hodges ...,mr-mercedes-bill-hodges-trilogy-1_717/index.html
£37.61,In-Stock,More Than Music (Chasing ...,more-than-music-chasing-the-dream-1_716/index.html
£38.85,In-Stock,Made to Stick: Why ...,made-to-stick-why-some-ideas-survive-and-others-die_715/index.html
£53.95,In-Stock,Luis Paints the World,luis-paints-the-world_714/index.html
£49.83,In-Stock,Luckiest Girl Alive,luckiest-girl-alive_713/index.html
£51.51,In-Stock,Lowriders to the Center ...,lowriders-to-the-center-of-the-earth-lowriders-in-space-2_712/index.html
£18.03,In-Stock,Love Is a Mix ...,love-is-a-mix-tape-music-1_711/index.html
£29.14,In-Stock,Looking for Lovely: Collecting ...,looking-for-lovely-collecting-the-moments-that-matter_710/index.html
£46.91,In-Stock,Living Leadership by Insight: ...,living-leadership-by-insight-a-good-leader-achieves-a-great-leader-builds-monuments_709/index.html
£26.79,In-Stock,Let It Out: A ...,let-it-out-a-journey-through-journaling_708/index.html
£16.28,In-Stock,Lady Midnight (The Dark ...,lady-midnight-the-dark-artifices-1_707/index.html
£19.55,In-Stock,"It's All Easy: Healthy, ...",its-all-easy-healthy-delicious-weeknight-meals-in-under-30-minutes_706/index.html
£29.65,In-Stock,Island of Dragons (Unwanteds ...,island-of-dragons-unwanteds-7_705/index.html
£25.98,In-Stock,I Know What I'm ...,i-know-what-im-doing-and-other-lies-i-tell-myself-dispatches-from-a-life-under-construction_704/index.html
£10.60,In-Stock,I Am Pilgrim (Pilgrim ...,i-am-pilgrim-pilgrim-1_703/index.html
£14.75,In-Stock,Hyperbole and a Half: ...,hyperbole-and-a-half-unfortunate-situations-flawed-coping-mechanisms-mayhem-and-other-things-that-happened_702/index.html
£47.02,In-Stock,"Hush, Hush (Hush, Hush ...",hush-hush-hush-hush-1_701/index.html
£28.82,In-Stock,Hold Your Breath (Search ...,hold-your-breath-search-and-rescue-1_700/index.html
£58.79,In-Stock,Hamilton: The Revolution,hamilton-the-revolution_699/index.html
£10.23,In-Stock,Greek Mythic History,greek-mythic-history_698/index.html
£30.03,In-Stock,God: The Most Unpleasant ...,god-the-most-unpleasant-character-in-all-fiction_697/index.html
£45.84,In-Stock,Glory over Everything: Beyond ...,glory-over-everything-beyond-the-kitchen-house_696/index.html
£49.05,In-Stock,Feathers: Displays of Brilliant ...,feathers-displays-of-brilliant-plumage_695/index.html
£15.06,In-Stock,Far & Away: Places ...,far-away-places-on-the-brink-of-change-seven-continents-twenty-five-years_694/index.html
£46.47,In-Stock,Every Last Word,every-last-word_693/index.html
£27.09,In-Stock,Eligible (The Austen Project ...,eligible-the-austen-project-4_692/index.html
£57.62,In-Stock,El Deafo,el-deafo_691/index.html
£14.39,In-Stock,Eight Hundred Grapes,eight-hundred-grapes_690/index.html
£51.75,In-Stock,Eaternity: More than 150 ...,eaternity-more-than-150-deliciously-easy-vegan-recipes-for-a-long-healthy-satisfied-joyful-life_689/index.html
£54.07,In-Stock,"Eat Fat, Get Thin",eat-fat-get-thin_688/index.html
£55.35,In-Stock,Don't Get Caught,dont-get-caught_687/index.html
£40.12,In-Stock,Doctor Sleep (The Shining ...,doctor-sleep-the-shining-2_686/index.html
£37.51,In-Stock,Demigods & Magicians: Percy ...,demigods-magicians-percy-and-annabeth-meet-the-kanes-percy-jackson-kane-chronicles-crossover-1-3_685/index.html
£11.21,In-Stock,Dear Mr. Knightley,dear-mr-knightley_684/index.html
£36.58,In-Stock,Daily Fantasy Sports,daily-fantasy-sports_683/index.html
£47.72,In-Stock,Crazy Love: Overwhelmed by ...,crazy-love-overwhelmed-by-a-relentless-god_682/index.html
£25.01,In-Stock,Cometh the Hour (The ...,cometh-the-hour-the-clifton-chronicles-6_681/index.html
£22.13,In-Stock,Code Name Verity (Code ...,code-name-verity-code-name-verity-1_680/index.html
£44.14,In-Stock,Clockwork Angel (The Infernal ...,clockwork-angel-the-infernal-devices-1_679/index.html
£56.02,In-Stock,City of Glass (The ...,city-of-glass-the-mortal-instruments-3_678/index.html
£11.23,In-Stock,City of Fallen Angels ...,city-of-fallen-angels-the-mortal-instruments-4_677/index.html
£43.28,In-Stock,City of Bones (The ...,city-of-bones-the-mortal-instruments-1_676/index.html
£47.27,In-Stock,City of Ashes (The ...,city-of-ashes-the-mortal-instruments-2_675/index.html
£20.29,In-Stock,Cell,cell_674/index.html
£50.83,In-Stock,Catching Jordan (Hundred Oaks),catching-jordan-hundred-oaks_673/index.html
£31.85,In-Stock,"Carry On, Warrior: Thoughts ...",carry-on-warrior-thoughts-on-life-unarmed_672/index.html
£46.23,In-Stock,Carrie,carrie_671/index.html
£37.80,In-Stock,Buying In: The Secret ...,buying-in-the-secret-dialogue-between-what-we-buy-and-who-we-are_670/index.html
£49.32,In-Stock,Brain on Fire: My ...,brain-on-fire-my-month-of-madness_669/index.html
£32.01,In-Stock,Batman: Europa,batman-europa_668/index.html
£28.01,In-Stock,Barefoot Contessa Back to ...,barefoot-contessa-back-to-basics_667/index.html
£50.62,In-Stock,Barefoot Contessa at Home: ...,barefoot-contessa-at-home-everyday-recipes-youll-make-over-and-over-again_666/index.html
£17.03,In-Stock,Balloon Animals,balloon-animals_665/index.html
£48.80,In-Stock,Art Ops Vol. 1,art-ops-vol-1_664/index.html
£58.14,In-Stock,Aristotle and Dante Discover ...,aristotle-and-dante-discover-the-secrets-of-the-universe-aristotle-and-dante-discover-the-secrets-of-the-universe-1_663/index.html
£34.20,In-Stock,Angels Walking (Angels Walking ...,angels-walking-angels-walking-1_662/index.html
£51.48,In-Stock,Angels & Demons (Robert ...,angels-demons-robert-langdon-1_661/index.html
£29.87,In-Stock,All the Light We ...,all-the-light-we-cannot-see_660/index.html
£10.90,In-Stock,Adulthood Is a Myth: ...,adulthood-is-a-myth-a-sarahs-scribbles-collection_659/index.html
£56.37,In-Stock,Abstract City,abstract-city_658/index.html
£48.35,In-Stock,A Time of Torment ...,a-time-of-torment-charlie-parker-14_657/index.html
£16.73,In-Stock,A Study in Scarlet ...,a-study-in-scarlet-sherlock-holmes-1_656/index.html
£56.48,In-Stock,A Series of Catastrophes ...,a-series-of-catastrophes-and-miracles-a-true-story-of-love-science-and-cancer_655/index.html
£40.79,In-Stock,A People's History of ...,a-peoples-history-of-the-united-states_654/index.html
£39.72,In-Stock,A Man Called Ove,a-man-called-ove_653/index.html
£14.58,In-Stock,A Distant Mirror: The ...,a-distant-mirror-the-calamitous-14th-century_652/index.html
£55.51,In-Stock,A Brush of Wings ...,a-brush-of-wings-angels-walking-3_651/index.html
£21.80,In-Stock,1491: New Revelations of ...,1491-new-revelations-of-the-americas-before-columbus_650/index.html
£13.33,In-Stock,"The Three Searches, Meaning, ...",the-three-searches-meaning-and-the-story_649/index.html
£38.73,In-Stock,Searching for Meaning in ...,searching-for-meaning-in-gailana_648/index.html
£37.86,In-Stock,Rook,rook_647/index.html
£11.53,In-Stock,My Kitchen Year: 136 ...,my-kitchen-year-136-recipes-that-saved-my-life_646/index.html
£27.06,In-Stock,13 Hours: The Inside ...,13-hours-the-inside-account-of-what-really-happened-in-benghazi_645/index.html
£13.86,In-Stock,Will You Won't You ...,will-you-wont-you-want-me_644/index.html
£37.55,In-Stock,Tipping Point for Planet ...,tipping-point-for-planet-earth-how-close-are-we-to-the-edge_643/index.html
£32.30,In-Stock,The Star-Touched Queen,the-star-touched-queen_642/index.html
£46.29,In-Stock,The Silent Sister (Riley ...,the-silent-sister-riley-macpherson-1_641/index.html
£26.20,In-Stock,The Midnight Watch: A ...,the-midnight-watch-a-novel-of-the-titanic-and-the-californian_640/index.html
£33.26,In-Stock,The Lonely City: Adventures ...,the-lonely-city-adventures-in-the-art-of-being-alone_639/index.html
£59.15,In-Stock,The Gray Rhino: How ...,the-gray-rhino-how-to-recognize-and-act-on-the-obvious-dangers-we-ignore_638/index.html
£39.43,In-Stock,The Golden Condom: And ...,the-golden-condom-and-other-essays-on-love-lost-and-found_637/index.html
£14.44,In-Stock,The Epidemic (The Program ...,the-epidemic-the-program-06_636/index.html
£56.54,In-Stock,The Dinner Party,the-dinner-party_635/index.html
£59.90,In-Stock,The Diary of a ...,the-diary-of-a-young-girl_634/index.html
£11.88,In-Stock,The Children,the-children_633/index.html
£48.05,In-Stock,Stars Above (The Lunar ...,stars-above-the-lunar-chronicles-45_632/index.html
£21.21,In-Stock,Snatched: How A Drug ...,snatched-how-a-drug-queen-went-undercover-for-the-dea-and-was-kidnapped-by-colombian-guerillas_631/index.html
£49.67,In-Stock,Raspberry Pi Electronics Projects ...,raspberry-pi-electronics-projects-for-the-evil-genius_630/index.html
£43.14,In-Stock,Quench Your Own Thirst: ...,quench-your-own-thirst-business-lessons-learned-over-a-beer-or-two_629/index.html
£36.97,In-Stock,Psycho: Sanitarium (Psycho #1.5),psycho-sanitarium-psycho-15_628/index.html
£26.80,In-Stock,Poisonous (Max Revere Novels ...,poisonous-max-revere-novels-3_627/index.html
£15.71,In-Stock,One with You (Crossfire ...,one-with-you-crossfire-5_626/index.html
£54.65,In-Stock,No Love Allowed (Dodge ...,no-love-allowed-dodge-cove-1_625/index.html
£54.36,In-Stock,Murder at the 42nd ...,murder-at-the-42nd-street-library-raymond-ambler-1_624/index.html
£35.28,In-Stock,Most Wanted,most-wanted_623/index.html
£20.55,In-Stock,"Love, Lies and Spies",love-lies-and-spies_622/index.html
£58.32,In-Stock,How to Speak Golf: ...,how-to-speak-golf-an-illustrated-guide-to-links-lingo_621/index.html
£11.84,In-Stock,Hide Away (Eve Duncan ...,hide-away-eve-duncan-20_620/index.html
£41.46,In-Stock,Furiously Happy: A Funny ...,furiously-happy-a-funny-book-about-horrible-things_619/index.html
£20.10,In-Stock,Everyday Italian: 125 Simple ...,everyday-italian-125-simple-and-delicious-recipes_618/index.html
£56.86,In-Stock,Equal Is Unfair: America's ...,equal-is-unfair-americas-misguided-fight-against-income-inequality_617/index.html
£56.51,In-Stock,Eleanor & Park,eleanor-park_616/index.html
£40.83,In-Stock,Dirty (Dive Bar #1),dirty-dive-bar-1_615/index.html
£48.64,In-Stock,Can You Keep a ...,can-you-keep-a-secret-fear-street-relaunch-4_614/index.html
£59.48,In-Stock,Boar Island (Anna Pigeon ...,boar-island-anna-pigeon-19_613/index.html
£39.01,In-Stock,A Paris Apartment,a-paris-apartment_612/index.html
£38.77,In-Stock,A la Mode: 120 ...,a-la-mode-120-recipes-in-60-pairings-pies-tarts-cakes-crisps-and-more-topped-with-ice-cream-gelato-frozen-custard-and-more_611/index.html
£48.39,In-Stock,Troublemaker: Surviving Hollywood and ...,troublemaker-surviving-hollywood-and-scientology_610/index.html
£27.26,In-Stock,The Widow,the-widow_609/index.html
£11.68,In-Stock,The Sleep Revolution: Transforming ...,the-sleep-revolution-transforming-your-life-one-night-at-a-time_608/index.html
£59.45,In-Stock,The Improbability of Love,the-improbability-of-love_607/index.html
£21.00,In-Stock,The Art of Startup ...,the-art-of-startup-fundraising_606/index.html
£53.98,In-Stock,Take Me Home Tonight ...,take-me-home-tonight-rock-star-romance-3_605/index.html
£48.74,In-Stock,Sleeping Giants (Themis Files ...,sleeping-giants-themis-files-1_604/index.html
£21.15,In-Stock,Setting the World on ...,setting-the-world-on-fire-the-brief-astonishing-life-of-st-catherine-of-siena_603/index.html
£13.71,In-Stock,Playing with Fire,playing-with-fire_602/index.html
£47.67,In-Stock,Off the Hook (Fishing ...,off-the-hook-fishing-for-trouble-1_601/index.html
£13.34,In-Stock,Mothering Sunday,mothering-sunday_600/index.html
£16.89,In-Stock,"Mother, Can You Not?",mother-can-you-not_599/index.html
£27.18,In-Stock,M Train,m-train_598/index.html
£17.28,In-Stock,Lilac Girls,lilac-girls_597/index.html
£45.14,In-Stock,Lies and Other Acts ...,lies-and-other-acts-of-love_596/index.html
£40.85,In-Stock,Lab Girl,lab-girl_595/index.html
£20.46,In-Stock,Keep Me Posted,keep-me-posted_594/index.html
£56.27,In-Stock,It Didn't Start with ...,it-didnt-start-with-you-how-inherited-family-trauma-shapes-who-we-are-and-how-to-end-the-cycle_593/index.html
£48.49,In-Stock,Grey (Fifty Shades #4),grey-fifty-shades-4_592/index.html
£51.34,In-Stock,"Exit, Pursued by a ...",exit-pursued-by-a-bear_591/index.html
£16.34,In-Stock,Daredevils,daredevils_590/index.html
£20.50,In-Stock,Cravings: Recipes for What ...,cravings-recipes-for-what-you-want-to-eat_589/index.html
£21.59,In-Stock,Born for This: How ...,born-for-this-how-to-find-the-work-you-were-meant-to-do_588/index.html
£21.36,In-Stock,Arena,arena_587/index.html
£20.88,In-Stock,Adultery,adultery_586/index.html
£19.53,In-Stock,A Mother's Reckoning: Living ...,a-mothers-reckoning-living-in-the-aftermath-of-tragedy_585/index.html
£14.75,In-Stock,A Gentleman's Position (Society ...,a-gentlemans-position-society-of-gentlemen-3_584/index.html
£48.48,In-Stock,11/22/63,112263_583/index.html
£24.57,In-Stock,10% Happier: How I ...,10-happier-how-i-tamed-the-voice-in-my-head-reduced-stress-without-losing-my-edge-and-found-self-help-that-actually-works_582/index.html
£49.71,In-Stock,10-Day Green Smoothie Cleanse: ...,10-day-green-smoothie-cleanse-lose-up-to-15-pounds-in-10-days_581/index.html
£48.27,In-Stock,Without Shame,without-shame_580/index.html
£58.05,In-Stock,Watchmen,watchmen_579/index.html
£58.87,In-Stock,Unlimited Intuition Now,unlimited-intuition-now_578/index.html
£11.82,In-Stock,Underlying Notes,underlying-notes_577/index.html
£28.03,In-Stock,The Shack,the-shack_576/index.html
£44.05,In-Stock,The New Brand You: ...,the-new-brand-you-your-new-image-makes-the-sale-for-you_575/index.html
£12.34,In-Stock,The Moosewood Cookbook: Recipes ...,the-moosewood-cookbook-recipes-from-moosewood-restaurant-ithaca-new-york_574/index.html
£16.68,In-Stock,The Flowers Lied,the-flowers-lied_573/index.html
£55.91,In-Stock,The Fabric of the ...,the-fabric-of-the-cosmos-space-time-and-the-texture-of-reality_572/index.html
£24.57,In-Stock,The Book of Mormon,the-book-of-mormon_571/index.html
£52.98,In-Stock,The Art and Science ...,the-art-and-science-of-low-carbohydrate-living_570/index.html
£54.40,In-Stock,The Alien Club,the-alien-club_569/index.html
£54.81,In-Stock,Suzie Snowflake: One beautiful ...,suzie-snowflake-one-beautiful-flake-a-self-esteem-story_568/index.html
£25.08,In-Stock,Nap-a-Roo,nap-a-roo_567/index.html
£10.41,In-Stock,NaNo What Now? Finding ...,nano-what-now-finding-your-editing-process-revising-your-nanowrimo-book-and-building-a-writing-career-through-publishing-and-beyond_566/index.html
£47.44,In-Stock,Modern Day Fables,modern-day-fables_565/index.html
£20.91,In-Stock,If I Gave You ...,if-i-gave-you-gods-phone-number-searching-for-spirituality-in-america_564/index.html
£33.95,In-Stock,"Fruits Basket, Vol. 9 ...",fruits-basket-vol-9-fruits-basket-9_563/index.html
£43.68,In-Stock,Dress Your Family in ...,dress-your-family-in-corduroy-and-denim_562/index.html
£33.23,In-Stock,Don't Forget Steven,dont-forget-steven_561/index.html
£35.92,In-Stock,Chernobyl 01:23:40: The Incredible ...,chernobyl-012340-the-incredible-true-story-of-the-worlds-worst-nuclear-disaster_560/index.html
£48.63,In-Stock,Art and Fear: Observations ...,art-and-fear-observations-on-the-perils-and-rewards-of-artmaking_559/index.html
£56.63,In-Stock,A Shard of Ice ...,a-shard-of-ice-the-black-symphony-saga-1_558/index.html
£50.49,In-Stock,A Hero's Curse (The ...,a-heros-curse-the-unseen-chronicles-1_557/index.html
£35.79,In-Stock,23 Degrees South: A ...,23-degrees-south-a-tropical-tale-of-changing-whether_556/index.html
£34.06,In-Stock,Zero to One: Notes ...,zero-to-one-notes-on-startups-or-how-to-build-the-future_555/index.html
£17.76,In-Stock,Why Not Me?,why-not-me_554/index.html
£39.36,In-Stock,When Breath Becomes Air,when-breath-becomes-air_553/index.html
£36.94,In-Stock,Vagabonding: An Uncommon Guide ...,vagabonding-an-uncommon-guide-to-the-art-of-long-term-world-travel_552/index.html
£43.62,In-Stock,The Unlikely Pilgrimage of ...,the-unlikely-pilgrimage-of-harold-fry-harold-fry-1_551/index.html
£43.02,In-Stock,The New Drawing on ...,the-new-drawing-on-the-right-side-of-the-brain_550/index.html
£28.45,In-Stock,"The Midnight Assassin: Panic, ...",the-midnight-assassin-panic-scandal-and-the-hunt-for-americas-first-serial-killer_549/index.html
£41.39,In-Stock,The Martian (The Martian ...,the-martian-the-martian-1_548/index.html
£51.15,In-Stock,The High Mountains of ...,the-high-mountains-of-portugal_547/index.html
£35.88,In-Stock,The Grownup,the-grownup_546/index.html
£36.91,In-Stock,The E-Myth Revisited: Why ...,the-e-myth-revisited-why-most-small-businesses-dont-work-and-what-to-do-about-it_545/index.html
£28.93,In-Stock,South of Sunshine,south-of-sunshine_544/index.html
£38.89,In-Stock,Smarter Faster Better: The ...,smarter-faster-better-the-secrets-of-being-productive-in-life-and-business_543/index.html
£58.33,In-Stock,Silence in the Dark ...,silence-in-the-dark-logan-point-4_542/index.html
£39.67,In-Stock,Shadows of the Past ...,shadows-of-the-past-logan-point-1_541/index.html
£14.10,In-Stock,Roller Girl,roller-girl_540/index.html
£21.82,In-Stock,Rising Strong,rising-strong_539/index.html
£54.21,In-Stock,Proofs of God: Classical ...,proofs-of-god-classical-arguments-from-tertullian-to-barth_538/index.html
£31.19,In-Stock,Please Kill Me: The ...,please-kill-me-the-uncensored-oral-history-of-punk_537/index.html
£53.64,In-Stock,Out of Print: City ...,out-of-print-city-lights-spotlight-no-14_536/index.html
£36.39,In-Stock,My Life Next Door ...,my-life-next-door-my-life-next-door_535/index.html
£58.54,In-Stock,Miller's Valley,millers-valley_534/index.html
£29.48,In-Stock,Man's Search for Meaning,mans-search-for-meaning_533/index.html
£25.06,In-Stock,Love That Boy: What ...,love-that-boy-what-two-presidents-eight-road-trips-and-my-son-taught-me-about-a-parents-expectations_532/index.html
£12.55,In-Stock,Living Forward: A Proven ...,living-forward-a-proven-plan-to-stop-drifting-and-get-the-life-you-want_531/index.html
£29.04,In-Stock,Les Fleurs du Mal,les-fleurs-du-mal_530/index.html
£40.72,In-Stock,Left Behind (Left Behind ...,left-behind-left-behind-1_529/index.html
£45.05,In-Stock,Kill 'Em and Leave: ...,kill-em-and-leave-searching-for-james-brown-and-the-american-soul_528/index.html
£47.13,In-Stock,Kierkegaard: A Christian Missionary ...,kierkegaard-a-christian-missionary-to-christians_527/index.html
£20.22,In-Stock,John Vassos: Industrial Design ...,john-vassos-industrial-design-for-modern-life_526/index.html
£56.48,In-Stock,I'll Give You the ...,ill-give-you-the-sun_525/index.html
£44.21,In-Stock,I Will Find You,i-will-find-you_524/index.html
£21.96,In-Stock,Hystopia: A Novel,hystopia-a-novel_523/index.html
£40.45,In-Stock,Howl and Other Poems,howl-and-other-poems_522/index.html
£10.29,In-Stock,History of Beauty,history-of-beauty_521/index.html
£52.86,In-Stock,Heaven is for Real: ...,heaven-is-for-real-a-little-boys-astounding-story-of-his-trip-to-heaven-and-back_520/index.html
£55.65,In-Stock,Future Shock (Future Shock ...,future-shock-future-shock-1_519/index.html
£43.64,In-Stock,Ender's Game (The Ender ...,enders-game-the-ender-quintet-1_518/index.html
£28.41,In-Stock,Diary of a Citizen ...,diary-of-a-citizen-scientist-chasing-tiger-beetles-and-other-new-ways-of-engaging-the-world_517/index.html
£37.51,In-Stock,Death by Leisure: A ...,death-by-leisure-a-cautionary-tale_516/index.html
£11.45,In-Stock,Brilliant Beacons: A History ...,brilliant-beacons-a-history-of-the-american-lighthouse_515/index.html
£19.22,In-Stock,Brazen: The Courage to ...,brazen-the-courage-to-find-the-you-thats-been-hiding_514/index.html
£56.91,In-Stock,Between the World and ...,between-the-world-and-me_513/index.html
£55.06,In-Stock,Being Mortal: Medicine and ...,being-mortal-medicine-and-what-matters-in-the-end_512/index.html
£13.20,In-Stock,A Murder Over a ...,a-murder-over-a-girl-justice-gender-junior-high_511/index.html
£53.63,In-Stock,32 Yolks,32-yolks_510/index.html
£44.48,In-Stock,"""Most Blessed of the ...",most-blessed-of-the-patriarchs-thomas-jefferson-and-the-empire-of-the-imagination_509/index.html
£12.08,In-Stock,You Are a Badass: ...,you-are-a-badass-how-to-stop-doubting-your-greatness-and-start-living-an-awesome-life_508/index.html
£22.14,In-Stock,Wildlife of New York: ...,wildlife-of-new-york-a-five-borough-coloring-book_507/index.html
£25.37,In-Stock,What Happened on Beale ...,what-happened-on-beale-street-secrets-of-the-south-mysteries-2_506/index.html
£46.33,In-Stock,Unreasonable Hope: Finding Faith ...,unreasonable-hope-finding-faith-in-the-god-who-brings-purpose-to-your-pain_505/index.html
£37.33,In-Stock,Under the Tuscan Sun,under-the-tuscan-sun_504/index.html
£25.55,In-Stock,Toddlers Are A**holes: It's ...,toddlers-are-aholes-its-not-your-fault_503/index.html
£34.72,In-Stock,The Year of Living ...,the-year-of-living-biblically-one-mans-humble-quest-to-follow-the-bible-as-literally-as-possible_502/index.html
£35.96,In-Stock,The Whale,the-whale_501/index.html
£41.14,In-Stock,The Story of Art,the-story-of-art_500/index.html
£10.01,In-Stock,The Origin of Species,the-origin-of-species_499/index.html
£36.05,In-Stock,The Great Gatsby,the-great-gatsby_498/index.html
£49.03,In-Stock,The Good Girl,the-good-girl_497/index.html
£16.24,In-Stock,The Glass Castle,the-glass-castle_496/index.html
£39.55,In-Stock,The Faith of Christopher ...,the-faith-of-christopher-hitchens-the-restless-soul-of-the-worlds-most-notorious-atheist_495/index.html
£35.67,In-Stock,The Drowning Girls,the-drowning-girls_494/index.html
£16.62,In-Stock,The Constant Princess (The ...,the-constant-princess-the-tudor-court-1_493/index.html
£42.78,In-Stock,The Bourne Identity (Jason ...,the-bourne-identity-jason-bourne-1_492/index.html
£52.30,In-Stock,The Bachelor Girl's Guide ...,the-bachelor-girls-guide-to-murder-herringford-and-watts-mysteries-1_491/index.html
£32.34,In-Stock,The Art Book,the-art-book_490/index.html
£33.17,In-Stock,The 7 Habits of ...,the-7-habits-of-highly-effective-people-powerful-lessons-in-personal-change_489/index.html
£20.12,In-Stock,Team of Rivals: The ...,team-of-rivals-the-political-genius-of-abraham-lincoln_488/index.html
£20.90,In-Stock,Steal Like an Artist: ...,steal-like-an-artist-10-things-nobody-told-you-about-being-creative_487/index.html
£20.90,In-Stock,"Sit, Stay, Love",sit-stay-love_486/index.html
£40.20,In-Stock,Sister Dear,sister-dear_485/index.html
£52.87,In-Stock,"Shrunken Treasures: Literary Classics, ...",shrunken-treasures-literary-classics-short-sweet-and-silly_484/index.html
£51.74,In-Stock,"Rich Dad, Poor Dad",rich-dad-poor-dad_483/index.html
£34.41,In-Stock,Raymie Nightingale,raymie-nightingale_482/index.html
£32.38,In-Stock,Playing from the Heart,playing-from-the-heart_481/index.html
£50.35,In-Stock,Nightstruck: A Novel,nightstruck-a-novel_480/index.html
£11.38,In-Stock,Naturally Lean: 125 Nourishing ...,naturally-lean-125-nourishing-gluten-free-plant-based-recipes-all-under-300-calories_479/index.html
£43.58,In-Stock,Meternity,meternity_478/index.html
£49.67,In-Stock,Memoirs of a Geisha,memoirs-of-a-geisha_477/index.html
£28.77,In-Stock,Like Never Before (Walker ...,like-never-before-walker-family-2_476/index.html
£13.22,In-Stock,Life of Pi,life-of-pi_475/index.html
£51.17,In-Stock,Leave This Song Behind: ...,leave-this-song-behind-teen-poetry-at-its-best_474/index.html
£39.61,In-Stock,King's Folly (The Kinsman ...,kings-folly-the-kinsman-chronicles-1_473/index.html
£57.43,In-Stock,John Adams,john-adams_472/index.html
£46.01,In-Stock,How to Cook Everything ...,how-to-cook-everything-vegetarian-simple-meatless-recipes-for-great-food-how-to-cook-everything_471/index.html
£28.25,In-Stock,How to Be a ...,how-to-be-a-domestic-goddess-baking-and-the-art-of-comfort-cooking_470/index.html
£37.05,In-Stock,Good in Bed (Cannie ...,good-in-bed-cannie-shapiro-1_469/index.html
£19.57,In-Stock,"Fruits Basket, Vol. 7 ...",fruits-basket-vol-7-fruits-basket-7_468/index.html
£45.13,In-Stock,For the Love: Fighting ...,for-the-love-fighting-for-grace-in-a-world-of-impossible-standards_467/index.html
£46.64,In-Stock,Finding God in the ...,finding-god-in-the-ruins-how-god-redeems-pain_466/index.html
£12.16,In-Stock,Every Heart a Doorway ...,every-heart-a-doorway-every-heart-a-doorway-1_465/index.html
£20.89,In-Stock,Delivering the Truth (Quaker ...,delivering-the-truth-quaker-midwife-mystery-1_464/index.html
£17.97,In-Stock,Counted With the Stars ...,counted-with-the-stars-out-from-egypt-1_463/index.html
£52.60,In-Stock,"Chronicles, Vol. 1",chronicles-vol-1_462/index.html
£25.77,In-Stock,Blue Like Jazz: Nonreligious ...,blue-like-jazz-nonreligious-thoughts-on-christian-spirituality_461/index.html
£48.19,In-Stock,Benjamin Franklin: An American ...,benjamin-franklin-an-american-life_460/index.html
£29.93,In-Stock,At The Existentialist Café: ...,at-the-existentialist-cafe-freedom-being-and-apricot-cocktails-with-jean-paul-sartre-simone-de-beauvoir-albert-camus-martin-heidegger-edmund-husserl-karl-jaspers-maurice-merleau-ponty-and-others_459/index.html
£44.34,In-Stock,A Summer In Europe,a-summer-in-europe_458/index.html
£52.40,In-Stock,A Short History of ...,a-short-history-of-nearly-everything_457/index.html
£44.81,In-Stock,A Gathering of Shadows ...,a-gathering-of-shadows-shades-of-magic-2_456/index.html
£57.84,In-Stock,The Sound Of Love,the-sound-of-love_455/index.html
£39.67,In-Stock,The Rise and Fall ...,the-rise-and-fall-of-the-third-reich-a-history-of-nazi-germany_454/index.html
£55.02,In-Stock,The Perks of Being ...,the-perks-of-being-a-wallflower_453/index.html
£24.80,In-Stock,The Mysterious Affair at ...,the-mysterious-affair-at-styles-hercule-poirot-1_452/index.html
£59.45,In-Stock,The Man Who Mistook ...,the-man-who-mistook-his-wife-for-a-hat-and-other-clinical-tales_451/index.html
£31.58,In-Stock,The Makings of a ...,the-makings-of-a-fatherless-child_450/index.html
£43.27,In-Stock,The Joy of Cooking,the-joy-of-cooking_449/index.html
£37.34,In-Stock,The Invention of Wings,the-invention-of-wings_448/index.html
£17.80,In-Stock,The Hobbit (Middle-Earth Universe),the-hobbit-middle-earth-universe_447/index.html
£30.54,In-Stock,The Great Railway Bazaar,the-great-railway-bazaar_446/index.html
£18.77,In-Stock,The Golden Compass (His ...,the-golden-compass-his-dark-materials-1_445/index.html
£46.85,In-Stock,The God Delusion,the-god-delusion_444/index.html
£15.79,In-Stock,The Girl You Left ...,the-girl-you-left-behind-the-girl-you-left-behind-1_443/index.html
£10.27,In-Stock,The Fellowship of the ...,the-fellowship-of-the-ring-the-lord-of-the-rings-1_442/index.html
£15.42,In-Stock,The Collected Poems of ...,the-collected-poems-of-wb-yeats-the-collected-works-of-wb-yeats-1_441/index.html
£59.92,In-Stock,The Barefoot Contessa Cookbook,the-barefoot-contessa-cookbook_440/index.html
£50.96,In-Stock,Tell the Wolves I'm ...,tell-the-wolves-im-home_439/index.html
£30.60,In-Stock,Ship Leaves Harbor: Essays ...,ship-leaves-harbor-essays-on-travel-by-a-recovering-journeyman_438/index.html
£19.27,In-Stock,Pride and Prejudice,pride-and-prejudice_437/index.html
£46.58,In-Stock,Musicophilia: Tales of Music ...,musicophilia-tales-of-music-and-the-brain_436/index.html
£48.51,In-Stock,Mere Christianity,mere-christianity_435/index.html
£19.02,In-Stock,Me Before You (Me ...,me-before-you-me-before-you-1_434/index.html
£38.38,In-Stock,In the Woods (Dublin ...,in-the-woods-dublin-murder-squad-1_433/index.html
£49.98,In-Stock,In Cold Blood,in-cold-blood_432/index.html
£46.49,In-Stock,How to Stop Worrying ...,how-to-stop-worrying-and-start-living_431/index.html
£18.32,In-Stock,Give It Back,give-it-back_430/index.html
£42.14,In-Stock,"Girl, Interrupted",girl-interrupted_429/index.html
£56.59,In-Stock,Fun Home: A Family ...,fun-home-a-family-tragicomic_428/index.html
£20.96,In-Stock,"Fruits Basket, Vol. 6 ...",fruits-basket-vol-6-fruits-basket-6_427/index.html
£40.32,In-Stock,Deception Point,deception-point_426/index.html
£36.39,In-Stock,"Death Note, Vol. 6: ...",death-note-vol-6-give-and-take-death-note-6_425/index.html
£58.55,In-Stock,Catherine the Great: Portrait ...,catherine-the-great-portrait-of-a-woman_424/index.html
£39.61,In-Stock,Better Homes and Gardens ...,better-homes-and-gardens-new-cook-book_423/index.html
£21.30,In-Stock,An Unquiet Mind: A ...,an-unquiet-mind-a-memoir-of-moods-and-madness_422/index.html
£56.88,In-Stock,A Year in Provence ...,a-year-in-provence-provence-1_421/index.html
£32.97,In-Stock,World Without End (The ...,world-without-end-the-pillars-of-the-earth-2_420/index.html
£47.31,In-Stock,"Will Grayson, Will Grayson ...",will-grayson-will-grayson-will-grayson-will-grayson_419/index.html
£48.67,In-Stock,Why Save the Bankers?: ...,why-save-the-bankers-and-other-essays-on-our-economic-and-political-crisis_418/index.html
£41.73,In-Stock,Where She Went (If ...,where-she-went-if-i-stay-2_417/index.html
£53.68,In-Stock,What If?: Serious Scientific ...,what-if-serious-scientific-answers-to-absurd-hypothetical-questions_416/index.html
£14.64,In-Stock,Two Summers,two-summers_415/index.html
£38.40,In-Stock,This Is Your Brain ...,this-is-your-brain-on-music-the-science-of-a-human-obsession_414/index.html
£15.08,In-Stock,The Secret Garden,the-secret-garden_413/index.html
£30.57,In-Stock,The Raven King (The ...,the-raven-king-the-raven-cycle-4_412/index.html
£57.74,In-Stock,The Raven Boys (The ...,the-raven-boys-the-raven-cycle-1_411/index.html
£11.05,In-Stock,The Power Greens Cookbook: ...,the-power-greens-cookbook-140-delicious-superfood-recipes_410/index.html
£28.58,In-Stock,The Metamorphosis,the-metamorphosis_409/index.html
£42.91,In-Stock,The Mathews Men: Seven ...,the-mathews-men-seven-brothers-and-the-war-against-hitlers-u-boats_408/index.html
£24.73,In-Stock,The Little Paris Bookshop,the-little-paris-bookshop_407/index.html
£55.91,In-Stock,The Hiding Place,the-hiding-place_406/index.html
£13.76,In-Stock,The Grand Design,the-grand-design_405/index.html
£45.56,In-Stock,The Firm,the-firm_404/index.html
£47.22,In-Stock,The Fault in Our ...,the-fault-in-our-stars_403/index.html
£56.00,In-Stock,The False Prince (The ...,the-false-prince-the-ascendance-trilogy-1_402/index.html
£44.58,In-Stock,The Expatriates,the-expatriates_401/index.html
£34.50,In-Stock,The Dream Thieves (The ...,the-dream-thieves-the-raven-cycle-2_400/index.html
£11.33,In-Stock,The Darkest Corners,the-darkest-corners_399/index.html
£38.77,In-Stock,The Crossover,the-crossover_398/index.html
£11.83,In-Stock,The 5th Wave (The ...,the-5th-wave-the-5th-wave-1_397/index.html
£45.51,In-Stock,Tell the Wind and ...,tell-the-wind-and-fire_396/index.html
£41.81,In-Stock,Tell Me Three Things,tell-me-three-things_395/index.html
£25.15,In-Stock,Talking to Girls About ...,talking-to-girls-about-duran-duran-one-young-mans-quest-for-true-love-and-a-cooler-haircut_394/index.html
£34.22,In-Stock,Siddhartha,siddhartha_393/index.html
£16.23,In-Stock,Shiver (The Wolves of ...,shiver-the-wolves-of-mercy-falls-1_392/index.html
£11.48,In-Stock,Remember Me?,remember-me_391/index.html
£23.37,In-Stock,Red Dragon (Hannibal Lecter ...,red-dragon-hannibal-lecter-1_390/index.html
£16.28,In-Stock,Peak: Secrets from the ...,peak-secrets-from-the-new-science-of-expertise_389/index.html
£31.63,In-Stock,My Mother Was Nuts,my-mother-was-nuts_388/index.html
£24.91,In-Stock,Mexican Today: New and ...,mexican-today-new-and-rediscovered-recipes-for-contemporary-kitchens_387/index.html
£22.54,In-Stock,Maybe Something Beautiful: How ...,maybe-something-beautiful-how-art-transformed-a-neighborhood_386/index.html
£23.63,In-Stock,Lola and the Boy ...,lola-and-the-boy-next-door-anna-and-the-french-kiss-2_385/index.html
£13.12,In-Stock,Logan Kade (Fallen Crest ...,logan-kade-fallen-crest-high-55_384/index.html
£59.98,In-Stock,Last One Home (New ...,last-one-home-new-beginnings-1_383/index.html
£31.49,In-Stock,Killing Floor (Jack Reacher ...,killing-floor-jack-reacher-1_382/index.html
£15.52,In-Stock,Kill the Boy Band,kill-the-boy-band_381/index.html
£48.13,In-Stock,Isla and the Happily ...,isla-and-the-happily-ever-after-anna-and-the-french-kiss-3_380/index.html
£38.13,In-Stock,If I Stay (If ...,if-i-stay-if-i-stay-1_379/index.html
£36.55,In-Stock,I Know Why the ...,i-know-why-the-caged-bird-sings-maya-angelous-autobiography-1_378/index.html
£23.32,In-Stock,Harry Potter and the ...,harry-potter-and-the-deathly-hallows-harry-potter-7_377/index.html
£16.33,In-Stock,"Fruits Basket, Vol. 5 ...",fruits-basket-vol-5-fruits-basket-5_376/index.html
£32.42,In-Stock,Foundation (Foundation (Publication Order) ...,foundation-foundation-publication-order-1_375/index.html
£16.96,In-Stock,Fool Me Once,fool-me-once_374/index.html
£22.37,In-Stock,Find Her (Detective D.D. ...,find-her-detective-dd-warren-8_373/index.html
£42.27,In-Stock,Evicted: Poverty and Profit ...,evicted-poverty-and-profit-in-the-american-city_372/index.html
£38.70,In-Stock,Drama,drama_371/index.html
£35.63,In-Stock,Dracula the Un-Dead,dracula-the-un-dead_370/index.html
£58.00,In-Stock,Digital Fortress,digital-fortress_369/index.html
£52.41,In-Stock,"Death Note, Vol. 5: ...",death-note-vol-5-whiteout-death-note-5_368/index.html
£32.35,In-Stock,"Data, A Love Story: ...",data-a-love-story-how-i-gamed-online-dating-to-meet-my-match_367/index.html
£20.75,In-Stock,Critique of Pure Reason,critique-of-pure-reason_366/index.html
£17.49,In-Stock,Booked,booked_365/index.html
£34.13,In-Stock,"Blue Lily, Lily Blue ...",blue-lily-lily-blue-the-raven-cycle-3_364/index.html
£58.81,In-Stock,Approval Junkie: Adventures in ...,approval-junkie-adventures-in-caring-too-much_363/index.html
£10.00,In-Stock,An Abundance of Katherines,an-abundance-of-katherines_362/index.html
£51.22,In-Stock,America's War for the ...,americas-war-for-the-greater-middle-east-a-military-history_361/index.html
£58.59,In-Stock,Alight (The Generations Trilogy ...,alight-the-generations-trilogy-2_360/index.html
£31.30,In-Stock,A Girl's Guide to ...,a-girls-guide-to-moving-on-new-beginnings-2_359/index.html
£46.42,In-Stock,A Game of Thrones ...,a-game-of-thrones-a-song-of-ice-and-fire-1_358/index.html
£17.21,In-Stock,A Feast for Crows ...,a-feast-for-crows-a-song-of-ice-and-fire-4_357/index.html
£10.79,In-Stock,A Clash of Kings ...,a-clash-of-kings-a-song-of-ice-and-fire-2_356/index.html
£52.35,In-Stock,Vogue Colors A to ...,vogue-colors-a-to-z-a-fashion-coloring-book_355/index.html
£27.88,In-Stock,The Shining (The Shining ...,the-shining-the-shining-1_354/index.html
£50.26,In-Stock,The Pilgrim's Progress,the-pilgrims-progress_353/index.html
£59.99,In-Stock,The Perfect Play (Play ...,the-perfect-play-play-by-play-1_352/index.html
£28.32,In-Stock,The Passion of Dolssa,the-passion-of-dolssa_351/index.html
£38.71,In-Stock,The Jazz of Physics: ...,the-jazz-of-physics-the-secret-link-between-music-and-the-structure-of-the-universe_350/index.html
£29.85,In-Stock,The Hunger Games (The ...,the-hunger-games-the-hunger-games-1_349/index.html
£14.82,In-Stock,The Hound of the ...,the-hound-of-the-baskervilles-sherlock-holmes-5_348/index.html
£16.81,In-Stock,The Gunning of America: ...,the-gunning-of-america-business-and-the-making-of-american-gun-culture_347/index.html
£28.23,In-Stock,The Geography of Bliss: ...,the-geography-of-bliss-one-grumps-search-for-the-happiest-places-in-the-world_346/index.html
£52.11,In-Stock,The Demonists (Demonist #1),the-demonists-demonist-1_345/index.html
£27.88,In-Stock,The Demon Prince of ...,the-demon-prince-of-momochi-house-vol-4-the-demon-prince-of-momochi-house-4_344/index.html
£59.71,In-Stock,The Bone Hunters (Lexy ...,the-bone-hunters-lexy-vaughan-steven-macaulay-2_343/index.html
£46.08,In-Stock,The Beast (Black Dagger ...,the-beast-black-dagger-brotherhood-14_342/index.html
£13.73,In-Stock,Some Women,some-women_341/index.html
£48.39,In-Stock,Shopaholic Ties the Knot ...,shopaholic-ties-the-knot-shopaholic-3_340/index.html
£49.45,In-Stock,Paper and Fire (The ...,paper-and-fire-the-great-library-2_339/index.html
£19.67,In-Stock,Outlander (Outlander #1),outlander-outlander-1_338/index.html
£12.36,In-Stock,Orchestra of Exiles: The ...,orchestra-of-exiles-the-story-of-bronislaw-huberman-the-israel-philharmonic-and-the-one-thousand-jews-he-saved-from-nazi-horrors_337/index.html
£20.02,In-Stock,No One Here Gets ...,no-one-here-gets-out-alive_336/index.html
£12.75,In-Stock,Night Shift (Night Shift ...,night-shift-night-shift-1-20_335/index.html
£47.51,In-Stock,Needful Things,needful-things_334/index.html
£20.44,In-Stock,Mockingjay (The Hunger Games ...,mockingjay-the-hunger-games-3_333/index.html
£34.79,In-Stock,Misery,misery_332/index.html
£28.07,In-Stock,Little Women (Little Women ...,little-women-little-women-1_331/index.html
£25.01,In-Stock,It,it_330/index.html
£13.90,In-Stock,Harry Potter and the ...,harry-potter-and-the-sorcerers-stone-harry-potter-1_329/index.html
£24.17,In-Stock,Harry Potter and the ...,harry-potter-and-the-prisoner-of-azkaban-harry-potter-3_328/index.html
£31.63,In-Stock,Harry Potter and the ...,harry-potter-and-the-order-of-the-phoenix-harry-potter-5_327/index.html
£48.75,In-Stock,Harry Potter and the ...,harry-potter-and-the-half-blood-prince-harry-potter-6_326/index.html
£14.74,In-Stock,Harry Potter and the ...,harry-potter-and-the-chamber-of-secrets-harry-potter-2_325/index.html
£32.49,In-Stock,Gone with the Wind,gone-with-the-wind_324/index.html
£27.80,In-Stock,God Is Not Great: ...,god-is-not-great-how-religion-poisons-everything_323/index.html
£26.77,In-Stock,Girl With a Pearl ...,girl-with-a-pearl-earring_322/index.html
£50.44,In-Stock,"Fruits Basket, Vol. 4 ...",fruits-basket-vol-4-fruits-basket-4_321/index.html
£34.93,In-Stock,Far From True (Promise ...,far-from-true-promise-falls-trilogy-2_320/index.html
£12.87,In-Stock,Dark Lover (Black Dagger ...,dark-lover-black-dagger-brotherhood-1_319/index.html
£48.94,In-Stock,Confessions of a Shopaholic ...,confessions-of-a-shopaholic-shopaholic-1_318/index.html
£13.38,In-Stock,Changing the Game (Play ...,changing-the-game-play-by-play-2_317/index.html
£58.63,In-Stock,Candide,candide_316/index.html
£21.94,In-Stock,Can You Keep a ...,can-you-keep-a-secret_315/index.html
£26.58,In-Stock,Atlas Shrugged,atlas-shrugged_314/index.html
£57.22,In-Stock,Animal Farm,animal-farm_313/index.html
£56.43,In-Stock,A Walk to Remember,a-walk-to-remember_312/index.html
£55.65,In-Stock,A New Earth: Awakening ...,a-new-earth-awakening-to-your-lifes-purpose_311/index.html
£27.62,In-Stock,A History of God: ...,a-history-of-god-the-4000-year-quest-of-judaism-christianity-and-islam_310/index.html
£49.56,In-Stock,'Salem's Lot,salems-lot_309/index.html
£34.77,In-Stock,Zero History (Blue Ant ...,zero-history-blue-ant-3_308/index.html
£17.73,In-Stock,Wuthering Heights,wuthering-heights_307/index.html
£21.80,In-Stock,World War Z: An ...,world-war-z-an-oral-history-of-the-zombie-war_306/index.html
£46.02,In-Stock,Wild: From Lost to ...,wild-from-lost-to-found-on-the-pacific-crest-trail_305/index.html
£18.13,In-Stock,"Where'd You Go, Bernadette",whered-you-go-bernadette_304/index.html
£30.89,In-Stock,When You Are Engulfed ...,when-you-are-engulfed-in-flames_303/index.html
£31.95,In-Stock,We the People: The ...,we-the-people-the-modern-day-figures-who-have-reshaped-and-affirmed-the-founding-fathers-vision-of-america_302/index.html
£24.04,In-Stock,We Are All Completely ...,we-are-all-completely-beside-ourselves_301/index.html
£32.36,In-Stock,Walk the Edge (Thunder ...,walk-the-edge-thunder-road-2_300/index.html
£21.07,In-Stock,Voyager (Outlander #3),voyager-outlander-3_299/index.html
£50.66,In-Stock,Very Good Lives: The ...,very-good-lives-the-fringe-benefits-of-failure-and-the-importance-of-imagination_298/index.html
£13.66,In-Stock,Vegan Vegetarian Omnivore: Dinner ...,vegan-vegetarian-omnivore-dinner-for-everyone-at-the-table_297/index.html
£58.09,In-Stock,"Unstuffed: Decluttering Your Home, ...",unstuffed-decluttering-your-home-mind-and-soul_296/index.html
£30.00,In-Stock,Under the Banner of ...,under-the-banner-of-heaven-a-story-of-violent-faith_295/index.html
£32.74,In-Stock,Two Boys Kissing,two-boys-kissing_294/index.html
£41.93,In-Stock,Twilight (Twilight #1),twilight-twilight-1_293/index.html
£42.80,In-Stock,Twenties Girl,twenties-girl_292/index.html
£53.51,In-Stock,Trespassing Across America: One ...,trespassing-across-america-one-mans-epic-never-done-before-and-sort-of-illegal-hike-across-the-heartland_291/index.html
£23.21,In-Stock,Three-Martini Lunch,three-martini-lunch_290/index.html
£21.14,In-Stock,"Thinking, Fast and Slow",thinking-fast-and-slow_289/index.html
£56.07,In-Stock,The Wild Robot,the-wild-robot_288/index.html
£14.41,In-Stock,The Wicked + The ...,the-wicked-the-divine-vol-3-commercial-suicide-the-wicked-the-divine_287/index.html
£45.75,In-Stock,The Undomestic Goddess,the-undomestic-goddess_286/index.html
£15.77,In-Stock,The Travelers,the-travelers_285/index.html
£10.02,In-Stock,The Tipping Point: How ...,the-tipping-point-how-little-things-can-make-a-big-difference_284/index.html
£48.77,In-Stock,The Thing About Jellyfish,the-thing-about-jellyfish_283/index.html
£57.86,In-Stock,The Stand,the-stand_282/index.html
£23.59,In-Stock,The Smitten Kitchen Cookbook,the-smitten-kitchen-cookbook_281/index.html
£23.05,In-Stock,The Silkworm (Cormoran Strike ...,the-silkworm-cormoran-strike-2_280/index.html
£55.55,In-Stock,"The Sandman, Vol. 3: ...",the-sandman-vol-3-dream-country-the-sandman-volumes-3_279/index.html
£58.64,In-Stock,The Rose & the ...,the-rose-the-dagger-the-wrath-and-the-dawn-2_278/index.html
£23.21,In-Stock,The Road to Little ...,the-road-to-little-dribbling-adventures-of-an-american-in-britain-notes-from-a-small-island-2_277/index.html
£42.57,In-Stock,The Rise of Theodore ...,the-rise-of-theodore-roosevelt-theodore-roosevelt-1_276/index.html
£10.92,In-Stock,The Restaurant at the ...,the-restaurant-at-the-end-of-the-universe-hitchhikers-guide-to-the-galaxy-2_275/index.html
£34.77,In-Stock,The Rest Is Noise: ...,the-rest-is-noise-listening-to-the-twentieth-century_274/index.html
£35.66,In-Stock,The Red Tent,the-red-tent_273/index.html
£37.19,In-Stock,The Purpose Driven Life: ...,the-purpose-driven-life-what-on-earth-am-i-here-for_272/index.html
£12.25,In-Stock,The Purest Hook (Second ...,the-purest-hook-second-circle-tattoos-3_271/index.html
£29.70,In-Stock,The Picture of Dorian ...,the-picture-of-dorian-gray_270/index.html
£36.80,In-Stock,The Paris Wife,the-paris-wife_269/index.html
£45.43,In-Stock,The Obsession,the-obsession_268/index.html
£26.26,In-Stock,The Nightingale,the-nightingale_267/index.html
£44.92,In-Stock,The New Guy (and ...,the-new-guy-and-other-senior-year-distractions_266/index.html
£52.53,In-Stock,The Nanny Diaries (Nanny ...,the-nanny-diaries-nanny-1_265/index.html
£37.25,In-Stock,The Name of God ...,the-name-of-god-is-mercy_264/index.html
£20.93,In-Stock,The Maze Runner (The ...,the-maze-runner-the-maze-runner-1_263/index.html
£58.09,In-Stock,The Lover's Dictionary,the-lovers-dictionary_262/index.html
£43.59,In-Stock,The Lonely Ones,the-lonely-ones_261/index.html
£33.92,In-Stock,The Lean Startup: How ...,the-lean-startup-how-todays-entrepreneurs-use-continuous-innovation-to-create-radically-successful-businesses_260/index.html
£55.55,In-Stock,The Last Painting of ...,the-last-painting-of-sara-de-vos_259/index.html
£29.64,In-Stock,"The Land of 10,000 ...",the-land-of-10000-madonnas_258/index.html
£27.41,In-Stock,The Infinities,the-infinities_257/index.html
£52.51,In-Stock,The Husband's Secret,the-husbands-secret_256/index.html
£47.80,In-Stock,The Hitchhiker's Guide to ...,the-hitchhikers-guide-to-the-galaxy-hitchhikers-guide-to-the-galaxy-1_255/index.html
£14.54,In-Stock,The Guns of August,the-guns-of-august_254/index.html
£49.53,In-Stock,The Guernsey Literary and ...,the-guernsey-literary-and-potato-peel-pie-society_253/index.html
£43.58,In-Stock,The Goldfinch,the-goldfinch_252/index.html
£12.30,In-Stock,The Giver (The Giver ...,the-giver-the-giver-quartet-1_251/index.html
£49.47,In-Stock,The Girl with All ...,the-girl-with-all-the-gifts_250/index.html
£22.14,In-Stock,The Girl Who Played ...,the-girl-who-played-with-fire-millennium-trilogy-2_249/index.html
£57.48,In-Stock,The Girl Who Kicked ...,the-girl-who-kicked-the-hornets-nest-millennium-trilogy-3_248/index.html
£43.45,In-Stock,The Exiled,the-exiled_247/index.html
£22.13,In-Stock,The End of Faith: ...,the-end-of-faith-religion-terror-and-the-future-of-reason_246/index.html
£13.03,In-Stock,"The Elegant Universe: Superstrings, ...",the-elegant-universe-superstrings-hidden-dimensions-and-the-quest-for-the-ultimate-theory_245/index.html
£57.35,In-Stock,The Disappearing Spoon: And ...,the-disappearing-spoon-and-other-true-tales-of-madness-love-and-the-history-of-the-world-from-the-periodic-table-of-the-elements_244/index.html
£44.29,In-Stock,The Devil Wears Prada ...,the-devil-wears-prada-the-devil-wears-prada-1_243/index.html
£52.25,In-Stock,The Demon-Haunted World: Science ...,the-demon-haunted-world-science-as-a-candle-in-the-dark_242/index.html
£26.33,In-Stock,The Day the Crayons ...,the-day-the-crayons-came-home-crayons_241/index.html
£22.96,In-Stock,The Da Vinci Code ...,the-da-vinci-code-robert-langdon-2_240/index.html
£19.21,In-Stock,The Cuckoo's Calling (Cormoran ...,the-cuckoos-calling-cormoran-strike-1_239/index.html
£26.78,In-Stock,The Complete Stories and ...,the-complete-stories-and-poems-the-works-of-edgar-allan-poe-cameo-edition_238/index.html
£41.32,In-Stock,The Complete Poems,the-complete-poems_237/index.html
£24.55,In-Stock,The Catcher in the ...,the-catcher-in-the-rye_236/index.html
£16.26,In-Stock,The Cat in the ...,the-cat-in-the-hat-beginner-books-b-1_235/index.html
£47.84,In-Stock,The Case for Christ ...,the-case-for-christ-cases-for-christianity_234/index.html
£53.49,In-Stock,The Book Thief,the-book-thief_233/index.html
£44.84,In-Stock,The Book of Basketball: ...,the-book-of-basketball-the-nba-according-to-the-sports-guy_232/index.html
£53.71,In-Stock,The Blind Side: Evolution ...,the-blind-side-evolution-of-a-game_231/index.html
£23.43,In-Stock,The Autobiography of Malcolm ...,the-autobiography-of-malcolm-x_230/index.html
£34.32,In-Stock,The Art of Simple ...,the-art-of-simple-food-notes-lessons-and-recipes-from-a-delicious-revolution_229/index.html
£22.10,In-Stock,The Art of Fielding,the-art-of-fielding_228/index.html
£25.83,In-Stock,"Surely You're Joking, Mr. ...",surely-youre-joking-mr-feynman-adventures-of-a-curious-character_227/index.html
£36.74,In-Stock,Stiff: The Curious Lives ...,stiff-the-curious-lives-of-human-cadavers_226/index.html
£49.51,In-Stock,Spilled Milk: Based on ...,spilled-milk-based-on-a-true-story_225/index.html
£48.96,In-Stock,Something Borrowed (Darcy & ...,something-borrowed-darcy-rachel-1_224/index.html
£54.62,In-Stock,Something Blue (Darcy & ...,something-blue-darcy-rachel-2_223/index.html
£24.72,In-Stock,Soldier (Talon #3),soldier-talon-3_222/index.html
£46.45,In-Stock,Shopaholic & Baby (Shopaholic ...,shopaholic-baby-shopaholic-5_221/index.html
£52.33,In-Stock,Seven Days in the ...,seven-days-in-the-art-world_220/index.html
£30.60,In-Stock,Seven Brief Lessons on ...,seven-brief-lessons-on-physics_219/index.html
£14.57,In-Stock,Scarlet (The Lunar Chronicles ...,scarlet-the-lunar-chronicles-2_218/index.html
£46.29,In-Stock,Sarah's Key,sarahs-key_217/index.html
£21.57,In-Stock,"Saga, Volume 3 (Saga ...",saga-volume-3-saga-collected-editions-3_216/index.html
£12.91,In-Stock,Running with Scissors,running-with-scissors_215/index.html
£50.11,In-Stock,Rogue Lawyer (Rogue Lawyer ...,rogue-lawyer-rogue-lawyer-1_214/index.html
£41.67,In-Stock,Rise of the Rocket ...,rise-of-the-rocket-girls-the-women-who-propelled-us-from-missiles-to-the-moon-to-mars_213/index.html
£44.88,In-Stock,Rework,rework_212/index.html
£11.10,In-Stock,Reservations for Two,reservations-for-two_211/index.html
£28.54,In-Stock,Red: The True Story ...,red-the-true-story-of-red-riding-hood_210/index.html
£19.07,In-Stock,Ready Player One,ready-player-one_209/index.html
£43.55,In-Stock,Quiet: The Power of ...,quiet-the-power-of-introverts-in-a-world-that-cant-stop-talking_208/index.html
£43.63,In-Stock,Prodigy: The Graphic Novel ...,prodigy-the-graphic-novel-legend-the-graphic-novel-2_207/index.html
£39.13,In-Stock,Persepolis: The Story of ...,persepolis-the-story-of-a-childhood-persepolis-1-2_206/index.html
£56.68,In-Stock,Packing for Mars: The ...,packing-for-mars-the-curious-science-of-life-in-the-void_205/index.html
£14.16,In-Stock,Outliers: The Story of ...,outliers-the-story-of-success_204/index.html
£31.45,In-Stock,Original Fake,original-fake_203/index.html
£24.61,In-Stock,Orange Is the New ...,orange-is-the-new-black_202/index.html
£32.87,In-Stock,One for the Money ...,one-for-the-money-stephanie-plum-1_201/index.html
£40.17,In-Stock,Notes from a Small ...,notes-from-a-small-island-notes-from-a-small-island-1_200/index.html
£13.51,In-Stock,Night (The Night Trilogy ...,night-the-night-trilogy-1_199/index.html
£38.95,In-Stock,Neither Here nor There: ...,neither-here-nor-there-travels-in-europe_198/index.html
£31.69,In-Stock,Naked,naked_197/index.html
£29.40,In-Stock,Morning Star (Red Rising ...,morning-star-red-rising-3_196/index.html
£57.83,In-Stock,Miracles from Heaven: A ...,miracles-from-heaven-a-little-girl-her-journey-to-heaven-and-her-amazing-story-of-healing_195/index.html
£55.46,In-Stock,Midnight Riot (Peter Grant/ ...,midnight-riot-peter-grant-rivers-of-london-books-1_194/index.html
£57.60,In-Stock,Me Talk Pretty One ...,me-talk-pretty-one-day_193/index.html
£34.98,In-Stock,Manuscript Found in Accra,manuscript-found-in-accra_192/index.html
£11.87,In-Stock,Lust & Wonder,lust-wonder_191/index.html
£12.47,In-Stock,Lila (Gilead #3),lila-gilead-3_190/index.html
£33.26,In-Stock,"Life, the Universe and ...",life-the-universe-and-everything-hitchhikers-guide-to-the-galaxy-3_189/index.html
£59.04,In-Stock,Life Without a Recipe,life-without-a-recipe_188/index.html
£26.13,In-Stock,Life After Life,life-after-life_187/index.html
£22.20,In-Stock,Letter to a Christian ...,letter-to-a-christian-nation_186/index.html
£45.11,In-Stock,Let's Pretend This Never ...,lets-pretend-this-never-happened-a-mostly-true-memoir_185/index.html
£43.69,In-Stock,Legend (Legend #1),legend-legend-1_184/index.html
£25.02,In-Stock,"Lean In: Women, Work, ...",lean-in-women-work-and-the-will-to-lead_183/index.html
£55.50,In-Stock,Lamb: The Gospel According ...,lamb-the-gospel-according-to-biff-christs-childhood-pal_182/index.html
£53.04,In-Stock,Lady Renegades (Rebel Belle ...,lady-renegades-rebel-belle-3_181/index.html
£44.97,In-Stock,Jurassic Park (Jurassic Park ...,jurassic-park-jurassic-park-1_180/index.html
£42.38,In-Stock,It's Never Too Late ...,its-never-too-late-to-begin-again-discovering-creativity-and-meaning-at-midlife-and-beyond_179/index.html
£20.11,In-Stock,Is Everyone Hanging Out ...,is-everyone-hanging-out-without-me-and-other-concerns_178/index.html
£56.70,In-Stock,Into the Wild,into-the-wild_177/index.html
£41.00,In-Stock,Inferno (Robert Langdon #4),inferno-robert-langdon-4_176/index.html
£28.85,In-Stock,In the Garden of ...,in-the-garden-of-beasts-love-terror-and-an-american-family-in-hitlers-berlin_175/index.html
£49.97,In-Stock,If I Run (If ...,if-i-run-if-i-run-1_174/index.html
£19.69,In-Stock,I've Got Your Number,ive-got-your-number_173/index.html
£28.88,In-Stock,I Am Malala: The ...,i-am-malala-the-girl-who-stood-up-for-education-and-was-shot-by-the-taliban_172/index.html
£33.14,In-Stock,Hungry Girl Clean & ...,hungry-girl-clean-hungry-easy-all-natural-recipes-for-healthy-eating-in-the-real-world_171/index.html
£43.70,In-Stock,House of Lost Worlds: ...,house-of-lost-worlds-dinosaurs-dynasties-and-the-story-of-life-on-earth_170/index.html
£54.89,In-Stock,House of Leaves,house-of-leaves_169/index.html
£37.52,In-Stock,Horrible Bear!,horrible-bear_168/index.html
£51.07,In-Stock,Holidays on Ice,holidays-on-ice_167/index.html
£44.07,In-Stock,Heir to the Sky,heir-to-the-sky_166/index.html
£10.79,In-Stock,Green Eggs and Ham ...,green-eggs-and-ham-beginner-books-b-16_165/index.html
£42.72,In-Stock,"Grayson, Vol 3: Nemesis ...",grayson-vol-3-nemesis-grayson-3_164/index.html
£26.66,In-Stock,Gratitude,gratitude_163/index.html
£37.60,In-Stock,Gone Girl,gone-girl_162/index.html
£42.21,In-Stock,Golden (Heart of Dread ...,golden-heart-of-dread-3_161/index.html
£46.83,In-Stock,Girl in the Blue ...,girl-in-the-blue-coat_160/index.html
£45.17,In-Stock,"Fruits Basket, Vol. 3 ...",fruits-basket-vol-3-fruits-basket-3_159/index.html
£51.22,In-Stock,Friday Night Lights: A ...,friday-night-lights-a-town-a-team-and-a-dream_158/index.html
£21.28,In-Stock,Fire Bound (Sea Haven/Sisters ...,fire-bound-sea-havensisters-of-the-heart-5_157/index.html
£15.36,In-Stock,Fifty Shades Freed (Fifty ...,fifty-shades-freed-fifty-shades-3_156/index.html
£38.62,In-Stock,Fellside,fellside_155/index.html
£25.40,In-Stock,Extreme Prey (Lucas Davenport ...,extreme-prey-lucas-davenport-26_154/index.html
£43.87,In-Stock,Eragon (The Inheritance Cycle ...,eragon-the-inheritance-cycle-1_153/index.html
£18.74,In-Stock,Eclipse (Twilight #3),eclipse-twilight-3_152/index.html
£54.86,In-Stock,Dune (Dune #1),dune-dune-1_151/index.html
£52.62,In-Stock,Dracula,dracula_150/index.html
£51.48,In-Stock,Do Androids Dream of ...,do-androids-dream-of-electric-sheep-blade-runner-1_149/index.html
£15.28,In-Stock,Disrupted: My Misadventure in ...,disrupted-my-misadventure-in-the-start-up-bubble_148/index.html
£39.24,In-Stock,Dead Wake: The Last ...,dead-wake-the-last-crossing-of-the-lusitania_147/index.html
£17.81,In-Stock,"David and Goliath: Underdogs, ...",david-and-goliath-underdogs-misfits-and-the-art-of-battling-giants_146/index.html
£56.02,In-Stock,Darkfever (Fever #1),darkfever-fever-1_145/index.html
£23.90,In-Stock,Dark Places,dark-places_144/index.html
£49.13,In-Stock,Crazy Rich Asians (Crazy ...,crazy-rich-asians-crazy-rich-asians-1_143/index.html
£10.62,In-Stock,Counting Thyme,counting-thyme_142/index.html
£36.17,In-Stock,Cosmos,cosmos_141/index.html
£59.95,In-Stock,Civilization and Its Discontents,civilization-and-its-discontents_140/index.html
£26.09,In-Stock,Cinder (The Lunar Chronicles ...,cinder-the-lunar-chronicles-1_139/index.html
£37.35,In-Stock,Catastrophic Happiness: Finding Joy ...,catastrophic-happiness-finding-joy-in-childhoods-messy-years_138/index.html
£24.72,In-Stock,Career of Evil (Cormoran ...,career-of-evil-cormoran-strike-3_137/index.html
£35.28,In-Stock,Breaking Dawn (Twilight #4),breaking-dawn-twilight-4_136/index.html
£51.32,In-Stock,Brave Enough,brave-enough_135/index.html
£21.12,In-Stock,Boy Meets Boy,boy-meets-boy_134/index.html
£27.35,In-Stock,Born to Run: A ...,born-to-run-a-hidden-tribe-superathletes-and-the-greatest-race-the-world-has-never-seen_133/index.html
£21.74,In-Stock,Blink: The Power of ...,blink-the-power-of-thinking-without-thinking_132/index.html
£40.87,In-Stock,Black Flags: The Rise ...,black-flags-the-rise-of-isis_131/index.html
£49.31,In-Stock,"Black Butler, Vol. 1 ...",black-butler-vol-1-black-butler-1_130/index.html
£22.11,In-Stock,Big Little Lies,big-little-lies_129/index.html
£20.79,In-Stock,Between Shades of Gray,between-shades-of-gray_128/index.html
£27.41,In-Stock,Best of My Love ...,best-of-my-love-fools-gold-20_127/index.html
£38.35,In-Stock,Beowulf,beowulf_126/index.html
£21.55,In-Stock,Beautiful Creatures (Caster Chronicles ...,beautiful-creatures-caster-chronicles-1_125/index.html
£38.02,In-Stock,Awkward,awkward_124/index.html
£22.06,In-Stock,Ash,ash_123/index.html
£10.66,In-Stock,Are We There Yet?,are-we-there-yet_122/index.html
£56.58,In-Stock,Are We Smart Enough ...,are-we-smart-enough-to-know-how-smart-animals-are_121/index.html
£36.83,In-Stock,Annie on My Mind,annie-on-my-mind_120/index.html
£35.01,In-Stock,And Then There Were ...,and-then-there-were-none_119/index.html
£30.48,In-Stock,A Walk in the ...,a-walk-in-the-woods-rediscovering-america-on-the-appalachian-trail_118/index.html
£14.08,In-Stock,A Visit from the ...,a-visit-from-the-goon-squad_117/index.html
£31.22,In-Stock,A Storm of Swords ...,a-storm-of-swords-a-song-of-ice-and-fire-3_116/index.html
£54.29,In-Stock,A Heartbreaking Work of ...,a-heartbreaking-work-of-staggering-genius_115/index.html
£31.04,In-Stock,8 Keys to Mental ...,8-keys-to-mental-health-through-exercise_114/index.html
£50.96,In-Stock,#GIRLBOSS,girlboss_113/index.html
£11.89,In-Stock,The Suffragettes (Little Black ...,the-suffragettes-little-black-classics-96_112/index.html
£31.38,In-Stock,The Sense of an ...,the-sense-of-an-ending_111/index.html
£54.81,In-Stock,"The Sandman, Vol. 2: ...",the-sandman-vol-2-the-dolls-house-the-sandman-volumes-2_110/index.html
£16.78,In-Stock,The Course of Love,the-course-of-love_109/index.html
£24.42,In-Stock,Sugar Rush (Offensive Line ...,sugar-rush-offensive-line-2_108/index.html
£11.75,In-Stock,"Saga, Volume 2 (Saga ...",saga-volume-2-saga-collected-editions-2_107/index.html
£20.02,In-Stock,"Run, Spot, Run: The ...",run-spot-run-the-ethics-of-keeping-pets_106/index.html
£12.86,In-Stock,New Moon (Twilight #2),new-moon-twilight-2_105/index.html
£31.58,In-Stock,Life,life_104/index.html
£34.00,In-Stock,Kindle Paperwhite User's Guide,kindle-paperwhite-users-guide_103/index.html
£57.42,In-Stock,H is for Hawk,h-is-for-hawk_102/index.html
£53.47,In-Stock,Girl Online On Tour ...,girl-online-on-tour-girl-online-2_101/index.html
£11.64,In-Stock,"Fruits Basket, Vol. 2 ...",fruits-basket-vol-2-fruits-basket-2_100/index.html
£52.88,In-Stock,Diary of a Minecraft ...,diary-of-a-minecraft-zombie-book-1-a-scare-of-a-dare-an-unofficial-minecraft-book_99/index.html
£18.51,In-Stock,"Y: The Last Man, ...",y-the-last-man-vol-1-unmanned-y-the-last-man-1_98/index.html
£41.32,In-Stock,While You Were Mine,while-you-were-mine_97/index.html
£39.77,In-Stock,Where Lightning Strikes (Bleeding ...,where-lightning-strikes-bleeding-stars-3_96/index.html
£51.96,In-Stock,When I'm Gone,when-im-gone_95/index.html
£39.51,In-Stock,Ways of Seeing,ways-of-seeing_94/index.html
£15.40,In-Stock,"Vampire Knight, Vol. 1 ...",vampire-knight-vol-1-vampire-knight-1_93/index.html
£53.82,In-Stock,Vampire Girl (Vampire Girl ...,vampire-girl-vampire-girl-1_92/index.html
£30.95,In-Stock,Twenty Love Poems and ...,twenty-love-poems-and-a-song-of-despair_91/index.html
£57.82,In-Stock,Travels with Charley: In ...,travels-with-charley-in-search-of-america_90/index.html
£44.18,In-Stock,Three Wishes (River of ...,three-wishes-river-of-time-california-1_89/index.html
£48.71,In-Stock,This One Moment (Pushing ...,this-one-moment-pushing-limits-1_88/index.html
£19.69,In-Stock,The Zombie Room,the-zombie-room_87/index.html
£36.52,In-Stock,The Wicked + The ...,the-wicked-the-divine-vol-1-the-faust-act-the-wicked-the-divine_86/index.html
£41.56,In-Stock,The Tumor,the-tumor_85/index.html
£43.19,In-Stock,The Story of Hong ...,the-story-of-hong-gildong_84/index.html
£12.34,In-Stock,The Silent Wife,the-silent-wife_83/index.html
£36.25,In-Stock,The Silent Twin (Detective ...,the-silent-twin-detective-jennifer-knight-3_82/index.html
£29.45,In-Stock,The Selfish Gene,the-selfish-gene_81/index.html
£34.56,In-Stock,The Secret Healer,the-secret-healer_80/index.html
£54.12,In-Stock,"The Sandman, Vol. 1: ...",the-sandman-vol-1-preludes-and-nocturnes-the-sandman-volumes-1_79/index.html
£33.78,In-Stock,The Republic,the-republic_78/index.html
£29.64,In-Stock,The Odyssey,the-odyssey_77/index.html
£57.70,In-Stock,The No. 1 Ladies' ...,the-no-1-ladies-detective-agency-no-1-ladies-detective-agency-1_76/index.html
£36.34,In-Stock,The Nicomachean Ethics,the-nicomachean-ethics_75/index.html
£50.59,In-Stock,The Name of the ...,the-name-of-the-wind-the-kingkiller-chronicle-1_74/index.html
£29.38,In-Stock,The Mirror & the ...,the-mirror-the-maze-the-wrath-and-the-dawn-15_73/index.html
£45.42,In-Stock,The Little Prince,the-little-prince_72/index.html
£54.43,In-Stock,The Light of the ...,the-light-of-the-fireflies_71/index.html
£36.26,In-Stock,The Last Girl (The ...,the-last-girl-the-dominion-trilogy-1_70/index.html
£16.16,In-Stock,The Iliad,the-iliad_69/index.html
£36.29,In-Stock,The Hook Up (Game ...,the-hook-up-game-on-1_68/index.html
£27.89,In-Stock,The Haters,the-haters_67/index.html
£12.29,In-Stock,The Girl You Lost,the-girl-you-lost_66/index.html
£15.85,In-Stock,The Girl In The ...,the-girl-in-the-ice-dci-erika-foster-1_65/index.html
£14.40,In-Stock,The End of the ...,the-end-of-the-jesus-era-an-investigation-1_64/index.html
£19.18,In-Stock,The Edge of Reason ...,the-edge-of-reason-bridget-jones-2_63/index.html
£10.64,In-Stock,The Complete Maus (Maus ...,the-complete-maus-maus-1-2_62/index.html
£14.76,In-Stock,The Communist Manifesto,the-communist-manifesto_61/index.html
£57.49,In-Stock,The Bhagavad Gita,the-bhagavad-gita_60/index.html
£30.66,In-Stock,The Bette Davis Club,the-bette-davis-club_59/index.html
£40.83,In-Stock,The Art of Not ...,the-art-of-not-breathing_58/index.html
£18.88,In-Stock,Taking Shots (Assassins #1),taking-shots-assassins-1_57/index.html
£25.83,In-Stock,Starlark,starlark_56/index.html
£42.12,In-Stock,"Skip Beat!, Vol. 01 ...",skip-beat-vol-01-skip-beat-1_55/index.html
£13.33,In-Stock,Sister Sable (The Mad ...,sister-sable-the-mad-queen-1_54/index.html
£42.40,In-Stock,Shatter Me (Shatter Me ...,shatter-me-shatter-me-1_53/index.html
£58.35,In-Stock,Shameless,shameless_52/index.html
£21.72,In-Stock,Shadow Rites (Jane Yellowrock ...,shadow-rites-jane-yellowrock-10_51/index.html
£44.91,In-Stock,Settling the Score (The ...,settling-the-score-the-summer-games-1_50/index.html
£37.46,In-Stock,Sense and Sensibility,sense-and-sensibility_49/index.html
£28.48,In-Stock,"Saga, Volume 1 (Saga ...",saga-volume-1-saga-collected-editions-1_48/index.html
£28.34,In-Stock,"Rhythm, Chord & Malykhin",rhythm-chord-malykhin_47/index.html
£46.96,In-Stock,"Rat Queens, Vol. 1: ...",rat-queens-vol-1-sass-sorcery-rat-queens-collected-editions-1-5_46/index.html
£24.96,In-Stock,Paradise Lost (Paradise #1),paradise-lost-paradise-1_45/index.html
£21.71,In-Stock,"Paper Girls, Vol. 1 ...",paper-girls-vol-1-paper-girls-1-5_44/index.html
£29.87,In-Stock,Ouran High School Host ...,ouran-high-school-host-club-vol-1-ouran-high-school-host-club-1_43/index.html
£28.99,In-Stock,Origins (Alphas 0.5),origins-alphas-05_42/index.html
£52.94,In-Stock,One Second (Seven #7),one-second-seven-7_41/index.html
£32.36,In-Stock,On the Road (Duluoz ...,on-the-road-duluoz-legend_40/index.html
£55.66,In-Stock,Old Records Never Die: ...,old-records-never-die-one-mans-quest-for-his-vinyl-and-his-past_39/index.html
£39.45,In-Stock,Off Sides (Off #1),off-sides-off-1_38/index.html
£47.11,In-Stock,Of Mice and Men,of-mice-and-men_37/index.html
£58.75,In-Stock,Myriad (Prentor #1),myriad-prentor-1_36/index.html
£38.92,In-Stock,My Perfect Mistake (Over ...,my-perfect-mistake-over-the-top-1_35/index.html
£39.39,In-Stock,"Ms. Marvel, Vol. 1: ...",ms-marvel-vol-1-no-normal-ms-marvel-2014-2015-1_34/index.html
£25.89,In-Stock,Meditations,meditations_33/index.html
£28.34,In-Stock,Matilda,matilda_32/index.html
£27.70,In-Stock,Lost Among the Living,lost-among-the-living_31/index.html
£24.89,In-Stock,Lord of the Flies,lord-of-the-flies_30/index.html
£58.99,In-Stock,Listen to Me (Fusion ...,listen-to-me-fusion-1_29/index.html
£57.20,In-Stock,Kitchens of the Great ...,kitchens-of-the-great-midwest_28/index.html
£38.43,In-Stock,Jane Eyre,jane-eyre_27/index.html
£34.74,In-Stock,Imperfect Harmony,imperfect-harmony_26/index.html
£40.44,In-Stock,Icing (Aces Hockey #2),icing-aces-hockey-2_25/index.html
£45.24,In-Stock,"Hawkeye, Vol. 1: My ...",hawkeye-vol-1-my-life-as-a-weapon-hawkeye-1_24/index.html
£34.96,In-Stock,Having the Barbarian's Baby ...,having-the-barbarians-baby-ice-planet-barbarians-75_23/index.html
£56.76,In-Stock,"Giant Days, Vol. 1 ...",giant-days-vol-1-giant-days-1-4_22/index.html
£40.28,In-Stock,"Fruits Basket, Vol. 1 ...",fruits-basket-vol-1-fruits-basket-1_21/index.html
£38.00,In-Stock,Frankenstein,frankenstein_20/index.html
£28.80,In-Stock,Forever Rockers (The Rocker ...,forever-rockers-the-rocker-12_19/index.html
£39.24,In-Stock,Fighting Fate (Fighting #6),fighting-fate-fighting-6_18/index.html
£32.93,In-Stock,Emma,emma_17/index.html
£51.32,In-Stock,"Eat, Pray, Love",eat-pray-love_16/index.html
£47.09,In-Stock,Deep Under (Walker Security ...,deep-under-walker-security-1_15/index.html
£28.42,In-Stock,Choosing Our Religion: The ...,choosing-our-religion-the-spiritual-lives-of-americas-nones_14/index.html
£22.85,In-Stock,Charlie and the Chocolate ...,charlie-and-the-chocolate-factory-charlie-bucket-1_13/index.html
£41.24,In-Stock,Charity's Cross (Charles Towne ...,charitys-cross-charles-towne-belles-4_12/index.html
£39.07,In-Stock,Bright Lines,bright-lines_11/index.html
£29.82,In-Stock,Bridget Jones's Diary (Bridget ...,bridget-joness-diary-bridget-jones-1_10/index.html
£37.26,In-Stock,Bounty (Colorado Mountain #7),bounty-colorado-mountain-7_9/index.html
£20.30,In-Stock,Blood Defense (Samantha Brinkman ...,blood-defense-samantha-brinkman-1_8/index.html
£34.65,In-Stock,"Bleach, Vol. 1: Strawberry ...",bleach-vol-1-strawberry-and-the-soul-reapers-bleach-1_7/index.html
£43.38,In-Stock,Beyond Good and Evil,beyond-good-and-evil_6/index.html
£55.53,In-Stock,Alice in Wonderland (Alice's ...,alice-in-wonderland-alices-adventures-in-wonderland-1_5/index.html
£57.06,In-Stock,"Ajin: Demi-Human, Volume 1 ...",ajin-demi-human-volume-1-ajin-demi-human-1_4/index.html
£16.97,In-Stock,A Spy's Devotion (The ...,a-spys-devotion-the-regency-spies-of-london-1_3/index.html
£53.98,In-Stock,1st to Die (Women's ...,1st-to-die-womens-murder-club-1_2/index.html
£26.08,In-Stock,"1,000 Places to See ...",1000-places-to-see-before-you-die_1/index.html
